[2026-08-05 16:41:30] production.ERROR: SQLSTATE[42S22]: Column not found: 1054 Unknown column 'two_factor_pending_secret' in 'field list' (Connection: mysql, Host: 127.0.0.1, Port: 3306, Database: safari_management, SQL: update `users` set `two_factor_pending_secret` = eyJpdiI6IkJoZ0hkQWc4VUIrcnoyQjVqbzJPNXc9PSIsInZhbHVlIjoiaUcrU21EOVpyWnZGS3hKY1MvZm44dHA0c2ZMWktYajhSY01PbXZMeXB6amUzL200M2dRZmxDOVcveG81NzdaQSIsIm1hYyI6IjQwNGRlOTdmZjcyMDJjYjFiNjY5OTZlOGNlMGY4ZWU0MTUwMmI5Mjk1ZjUxZjNjYmZjOGM1ZTM5Y2NiNmNlOTIiLCJ0YWciOiIifQ==, `users`.`updated_at` = 2026-08-05 16:41:27 where `id` = 2) {"userId":2,"exception":"[object] (Illuminate\\Database\\QueryException(code: 42S22): SQLSTATE[42S22]: Column not found: 1054 Unknown column 'two_factor_pending_secret' in 'field list' (Connection: mysql, Host: 127.0.0.1, Port: 3306, Database: safari_management, SQL: update `users` set `two_factor_pending_secret` = eyJpdiI6IkJoZ0hkQWc4VUIrcnoyQjVqbzJPNXc9PSIsInZhbHVlIjoiaUcrU21EOVpyWnZGS3hKY1MvZm44dHA0c2ZMWktYajhSY01PbXZMeXB6amUzL200M2dRZmxDOVcveG81NzdaQSIsIm1hYyI6IjQwNGRlOTdmZjcyMDJjYjFiNjY5OTZlOGNlMGY4ZWU0MTUwMmI5Mjk1ZjUxZjNjYmZjOGM1ZTM5Y2NiNmNlOTIiLCJ0YWciOiIifQ==, `users`.`updated_at` = 2026-08-05 16:41:27 where `id` = 2) at C:/Users/user/Documents/xamp/htdocs/safari/vendor/laravel/framework/src/Illuminate/Database/Connection.php:838)
[stacktrace]
#0 C:/Users/user/Documents/xamp/htdocs/safari/vendor/laravel/framework/src/Illuminate/Database/Connection.php(794): Illuminate/Database/Connection->runQueryCallback('update `users` ...', Array, Object(Closure))
#1 C:/Users/user/Documents/xamp/htdocs/safari/vendor/laravel/framework/src/Illuminate/Database/Connection.php(597): Illuminate/Database/Connection->run('update `users` ...', Array, Object(Closure))
#2 C:/Users/user/Documents/xamp/htdocs/safari/vendor/laravel/framework/src/Illuminate/Database/Connection.php(549): Illuminate/Database/Connection->affectingStatement('update `users` ...', Array)
#3 C:/Users/user/Documents/xamp/htdocs/safari/vendor/laravel/framework/src/Illuminate/Database/Query/Builder.php(4234): Illuminate/Database/Connection->update('update `users` ...', Array)
#4 C:/Users/user/Documents/xamp/htdocs/safari/vendor/laravel/framework/src/Illuminate/Database/Eloquent/Builder.php(1266): Illuminate/Database/Query/Builder->update(Object(Illuminate/Support/Collection))
#5 C:/Users/user/Documents/xamp/htdocs/safari/vendor/laravel/framework/src/Illuminate/Database/Eloquent/Model.php(1316): Illuminate/Database/Eloquent/Builder->update(Array)
#6 C:/Users/user/Documents/xamp/htdocs/safari/vendor/laravel/framework/src/Illuminate/Database/Eloquent/Model.php(1233): Illuminate/Database/Eloquent/Model->performUpdate(Object(Illuminate/Database/Eloquent/Builder))
#7 C:/Users/user/Documents/xamp/htdocs/safari/vendor/laravel/framework/src/Illuminate/Database/Eloquent/Model.php(1090): Illuminate/Database/Eloquent/Model->save(Array)
#8 C:/Users/user/Documents/xamp/htdocs/safari/app/Http/Controllers/TwoFactorController.php(36): Illuminate/Database/Eloquent/Model->update(Array)
#9 C:/Users/user/Documents/xamp/htdocs/safari/vendor/laravel/framework/src/Illuminate/Routing/ControllerDispatcher.php(46): App/Http/Controllers/TwoFactorController->start(Object(Illuminate/Http/Request))
#10 C:/Users/user/Documents/xamp/htdocs/safari/vendor/laravel/framework/src/Illuminate/Routing/Route.php(265): Illuminate/Routing/ControllerDispatcher->dispatch(Object(Illuminate/Routing/Route), Object(App/Http/Controllers/TwoFactorController), 'start')
#11 C:/Users/user/Documents/xamp/htdocs/safari/vendor/laravel/framework/src/Illuminate/Routing/Route.php(211): Illuminate/Routing/Route->runController()
#12 C:/Users/user/Documents/xamp/htdocs/safari/vendor/laravel/framework/src/Illuminate/Routing/Router.php(822): Illuminate/Routing/Route->run()
#13 C:/Users/user/Documents/xamp/htdocs/safari/vendor/laravel/framework/src/Illuminate/Pipeline/Pipeline.php(180): Illuminate/Routing/Router->Illuminate/Routing/{closure}(Object(Illuminate/Http/Request))
#14 C:/Users/user/Documents/xamp/htdocs/safari/app/Http/Middleware/SetLocale.php(21): Illuminate/Pipeline/Pipeline->Illuminate/Pipeline/{closure}(Object(Illuminate/Http/Request))
#15 C:/Users/user/Documents/xamp/htdocs/safari/vendor/laravel/framework/src/Illuminate/Pipeline/Pipeline.php(219): App/Http/Middleware/SetLocale->handle(Object(Illuminate/Http/Request), Object(Closure))
#16 C:/Users/user/Documents/xamp/htdocs/safari/vendor/laravel/framework/src/Illuminate/Routing/Middleware/SubstituteBindings.php(50): Illuminate/Pipeline/Pipeline->Illuminate/Pipeline/{closure}(Object(Illuminate/Http/Request))
#17 C:/Users/user/Documents/xamp/htdocs/safari/vendor/laravel/framework/src/Illuminate/Pipeline/Pipeline.php(219): Illuminate/Routing/Middleware/SubstituteBindings->handle(Object(Illuminate/Http/Request), Object(Closure))
#18 C:/Users/user/Documents/xamp/htdocs/safari/vendor/laravel/framework/src/Illuminate/Auth/Middleware/Authenticate.php(63): Illuminate/Pipeline/Pipeline->Illuminate/Pipeline/{closure}(Object(Illuminate/Http/Request))
#19 C:/Users/user/Documents/xamp/htdocs/safari/vendor/laravel/framework/src/Illuminate/Pipeline/Pipeline.php(219): Illuminate/Auth/Middleware/Authenticate->handle(Object(Illuminate/Http/Request), Object(Closure))
#20 C:/Users/user/Documents/xamp/htdocs/safari/vendor/laravel/framework/src/Illuminate/Foundation/Http/Middleware/VerifyCsrfToken.php(87): Illuminate/Pipeline/Pipeline->Illuminate/Pipeline/{closure}(Object(Illuminate/Http/Request))
#21 C:/Users/user/Documents/xamp/htdocs/safari/vendor/laravel/framework/src/Illuminate/Pipeline/Pipeline.php(219): Illuminate/Foundation/Http/Middleware/VerifyCsrfToken->handle(Object(Illuminate/Http/Request), Object(Closure))
#22 C:/Users/user/Documents/xamp/htdocs/safari/vendor/laravel/framework/src/Illuminate/View/Middleware/ShareErrorsFromSession.php(48): Illuminate/Pipeline/Pipeline->Illuminate/Pipeline/{closure}(Object(Illuminate/Http/Request))
#23 C:/Users/user/Documents/xamp/htdocs/safari/vendor/laravel/framework/src/Illuminate/Pipeline/Pipeline.php(219): Illuminate/View/Middleware/ShareErrorsFromSession->handle(Object(Illuminate/Http/Request), Object(Closure))
#24 C:/Users/user/Documents/xamp/htdocs/safari/vendor/laravel/framework/src/Illuminate/Session/Middleware/StartSession.php(120): Illuminate/Pipeline/Pipeline->Illuminate/Pipeline/{closure}(Object(Illuminate/Http/Request))
#25 C:/Users/user/Documents/xamp/htdocs/safari/vendor/laravel/framework/src/Illuminate/Session/Middleware/StartSession.php(63): Illuminate/Session/Middleware/StartSession->handleStatefulRequest(Object(Illuminate/Http/Request), Object(Illuminate/Session/Store), Object(Closure))
#26 C:/Users/user/Documents/xamp/htdocs/safari/vendor/laravel/framework/src/Illuminate/Pipeline/Pipeline.php(219): Illuminate/Session/Middleware/StartSession->handle(Object(Illuminate/Http/Request), Object(Closure))
#27 C:/Users/user/Documents/xamp/htdocs/safari/vendor/laravel/framework/src/Illuminate/Cookie/Middleware/AddQueuedCookiesToResponse.php(36): Illuminate/Pipeline/Pipeline->Illuminate/Pipeline/{closure}(Object(Illuminate/Http/Request))
#28 C:/Users/user/Documents/xamp/htdocs/safari/vendor/laravel/framework/src/Illuminate/Pipeline/Pipeline.php(219): Illuminate/Cookie/Middleware/AddQueuedCookiesToResponse->handle(Object(Illuminate/Http/Request), Object(Closure))
#29 C:/Users/user/Documents/xamp/htdocs/safari/vendor/laravel/framework/src/Illuminate/Cookie/Middleware/EncryptCookies.php(74): Illuminate/Pipeline/Pipeline->Illuminate/Pipeline/{closure}(Object(Illuminate/Http/Request))
#30 C:/Users/user/Documents/xamp/htdocs/safari/vendor/laravel/framework/src/Illuminate/Pipeline/Pipeline.php(219): Illuminate/Cookie/Middleware/EncryptCookies->handle(Object(Illuminate/Http/Request), Object(Closure))
#31 C:/Users/user/Documents/xamp/htdocs/safari/vendor/laravel/framework/src/Illuminate/Pipeline/Pipeline.php(137): Illuminate/Pipeline/Pipeline->Illuminate/Pipeline/{closure}(Object(Illuminate/Http/Request))
#32 C:/Users/user/Documents/xamp/htdocs/safari/vendor/laravel/framework/src/Illuminate/Routing/Router.php(821): Illuminate/Pipeline/Pipeline->then(Object(Closure))
#33 C:/Users/user/Documents/xamp/htdocs/safari/vendor/laravel/framework/src/Illuminate/Routing/Router.php(800): Illuminate/Routing/Router->runRouteWithinStack(Object(Illuminate/Routing/Route), Object(Illuminate/Http/Request))
#34 C:/Users/user/Documents/xamp/htdocs/safari/vendor/laravel/framework/src/Illuminate/Routing/Router.php(764): Illuminate/Routing/Router->runRoute(Object(Illuminate/Http/Request), Object(Illuminate/Routing/Route))
#35 C:/Users/user/Documents/xamp/htdocs/safari/vendor/laravel/framework/src/Illuminate/Routing/Router.php(753): Illuminate/Routing/Router->dispatchToRoute(Object(Illuminate/Http/Request))
#36 C:/Users/user/Documents/xamp/htdocs/safari/vendor/laravel/framework/src/Illuminate/Foundation/Http/Kernel.php(200): Illuminate/Routing/Router->dispatch(Object(Illuminate/Http/Request))
#37 C:/Users/user/Documents/xamp/htdocs/safari/vendor/laravel/framework/src/Illuminate/Pipeline/Pipeline.php(180): Illuminate/Foundation/Http/Kernel->Illuminate/Foundation/Http/{closure}(Object(Illuminate/Http/Request))
#38 C:/Users/user/Documents/xamp/htdocs/safari/vendor/laravel/framework/src/Illuminate/Foundation/Http/Middleware/TransformsRequest.php(21): Illuminate/Pipeline/Pipeline->Illuminate/Pipeline/{closure}(Object(Illuminate/Http/Request))
#39 C:/Users/user/Documents/xamp/htdocs/safari/vendor/laravel/framework/src/Illuminate/Foundation/Http/Middleware/ConvertEmptyStringsToNull.php(31): Illuminate/Foundation/Http/Middleware/TransformsRequest->handle(Object(Illuminate/Http/Request), Object(Closure))
#40 C:/Users/user/Documents/xamp/htdocs/safari/vendor/laravel/framework/src/Illuminate/Pipeline/Pipeline.php(219): Illuminate/Foundation/Http/Middleware/ConvertEmptyStringsToNull->handle(Object(Illuminate/Http/Request), Object(Closure))
#41 C:/Users/user/Documents/xamp/htdocs/safari/vendor/laravel/framework/src/Illuminate/Foundation/Http/Middleware/TransformsRequest.php(21): Illuminate/Pipeline/Pipeline->Illuminate/Pipeline/{closure}(Object(Illuminate/Http/Request))
#42 C:/Users/user/Documents/xamp/htdocs/safari/vendor/laravel/framework/src/Illuminate/Foundation/Http/Middleware/TrimStrings.php(51): Illuminate/Foundation/Http/Middleware/TransformsRequest->handle(Object(Illuminate/Http/Request), Object(Closure))
#43 C:/Users/user/Documents/xamp/htdocs/safari/vendor/laravel/framework/src/Illuminate/Pipeline/Pipeline.php(219): Illuminate/Foundation/Http/Middleware/TrimStrings->handle(Object(Illuminate/Http/Request), Object(Closure))
#44 C:/Users/user/Documents/xamp/htdocs/safari/vendor/laravel/framework/src/Illuminate/Http/Middleware/ValidatePostSize.php(27): Illuminate/Pipeline/Pipeline->Illuminate/Pipeline/{closure}(Object(Illuminate/Http/Request))
#45 C:/Users/user/Documents/xamp/htdocs/safari/vendor/laravel/framework/src/Illuminate/Pipeline/Pipeline.php(219): Illuminate/Http/Middleware/ValidatePostSize->handle(Object(Illuminate/Http/Request), Object(Closure))
#46 C:/Users/user/Documents/xamp/htdocs/safari/vendor/laravel/framework/src/Illuminate/Foundation/Http/Middleware/PreventRequestsDuringMaintenance.php(109): Illuminate/Pipeline/Pipeline->Illuminate/Pipeline/{closure}(Object(Illuminate/Http/Request))
#47 C:/Users/user/Documents/xamp/htdocs/safari/vendor/laravel/framework/src/Illuminate/Pipeline/Pipeline.php(219): Illuminate/Foundation/Http/Middleware/PreventRequestsDuringMaintenance->handle(Object(Illuminate/Http/Request), Object(Closure))
#48 C:/Users/user/Documents/xamp/htdocs/safari/vendor/laravel/framework/src/Illuminate/Http/Middleware/HandleCors.php(61): Illuminate/Pipeline/Pipeline->Illuminate/Pipeline/{closure}(Object(Illuminate/Http/Request))
#49 C:/Users/user/Documents/xamp/htdocs/safari/vendor/laravel/framework/src/Illuminate/Pipeline/Pipeline.php(219): Illuminate/Http/Middleware/HandleCors->handle(Object(Illuminate/Http/Request), Object(Closure))
#50 C:/Users/user/Documents/xamp/htdocs/safari/vendor/laravel/framework/src/Illuminate/Http/Middleware/TrustProxies.php(58): Illuminate/Pipeline/Pipeline->Illuminate/Pipeline/{closure}(Object(Illuminate/Http/Request))
#51 C:/Users/user/Documents/xamp/htdocs/safari/vendor/laravel/framework/src/Illuminate/Pipeline/Pipeline.php(219): Illuminate/Http/Middleware/TrustProxies->handle(Object(Illuminate/Http/Request), Object(Closure))
#52 C:/Users/user/Documents/xamp/htdocs/safari/vendor/laravel/framework/src/Illuminate/Foundation/Http/Middleware/InvokeDeferredCallbacks.php(22): Illuminate/Pipeline/Pipeline->Illuminate/Pipeline/{closure}(Object(Illuminate/Http/Request))
#53 C:/Users/user/Documents/xamp/htdocs/safari/vendor/laravel/framework/src/Illuminate/Pipeline/Pipeline.php(219): Illuminate/Foundation/Http/Middleware/InvokeDeferredCallbacks->handle(Object(Illuminate/Http/Request), Object(Closure))
#54 C:/Users/user/Documents/xamp/htdocs/safari/vendor/laravel/framework/src/Illuminate/Http/Middleware/ValidatePathEncoding.php(26): Illuminate/Pipeline/Pipeline->Illuminate/Pipeline/{closure}(Object(Illuminate/Http/Request))
#55 C:/Users/user/Documents/xamp/htdocs/safari/vendor/laravel/framework/src/Illuminate/Pipeline/Pipeline.php(219): Illuminate/Http/Middleware/ValidatePathEncoding->handle(Object(Illuminate/Http/Request), Object(Closure))
#56 C:/Users/user/Documents/xamp/htdocs/safari/vendor/laravel/framework/src/Illuminate/Pipeline/Pipeline.php(137): Illuminate/Pipeline/Pipeline->Illuminate/Pipeline/{closure}(Object(Illuminate/Http/Request))
#57 C:/Users/user/Documents/xamp/htdocs/safari/vendor/laravel/framework/src/Illuminate/Foundation/Http/Kernel.php(175): Illuminate/Pipeline/Pipeline->then(Object(Closure))
#58 C:/Users/user/Documents/xamp/htdocs/safari/vendor/laravel/framework/src/Illuminate/Foundation/Http/Kernel.php(144): Illuminate/Foundation/Http/Kernel->sendRequestThroughRouter(Object(Illuminate/Http/Request))
#59 C:/Users/user/Documents/xamp/htdocs/safari/vendor/laravel/framework/src/Illuminate/Foundation/Application.php(1220): Illuminate/Foundation/Http/Kernel->handle(Object(Illuminate/Http/Request))
#60 C:/Users/user/Documents/xamp/htdocs/safari/index.php(17): Illuminate/Foundation/Application->handleRequest(Object(Illuminate/Http/Request))
#61 {main}

[previous exception] [object] (PDOException(code: 42S22): SQLSTATE[42S22]: Column not found: 1054 Unknown column 'two_factor_pending_secret' in 'field list' at C:/Users/user/Documents/xamp/htdocs/safari/vendor/laravel/framework/src/Illuminate/Database/Connection.php:605)
[stacktrace]
#0 C:/Users/user/Documents/xamp/htdocs/safari/vendor/laravel/framework/src/Illuminate/Database/Connection.php(605): PDO->prepare('update `users` ...')
#1 C:/Users/user/Documents/xamp/htdocs/safari/vendor/laravel/framework/src/Illuminate/Database/Connection.php(827): Illuminate/Database/Connection->Illuminate/Database/{closure}('update `users` ...', Array)
#2 C:/Users/user/Documents/xamp/htdocs/safari/vendor/laravel/framework/src/Illuminate/Database/Connection.php(794): Illuminate/Database/Connection->runQueryCallback('update `users` ...', Array, Object(Closure))
#3 C:/Users/user/Documents/xamp/htdocs/safari/vendor/laravel/framework/src/Illuminate/Database/Connection.php(597): Illuminate/Database/Connection->run('update `users` ...', Array, Object(Closure))
#4 C:/Users/user/Documents/xamp/htdocs/safari/vendor/laravel/framework/src/Illuminate/Database/Connection.php(549): Illuminate/Database/Connection->affectingStatement('update `users` ...', Array)
#5 C:/Users/user/Documents/xamp/htdocs/safari/vendor/laravel/framework/src/Illuminate/Database/Query/Builder.php(4234): Illuminate/Database/Connection->update('update `users` ...', Array)
#6 C:/Users/user/Documents/xamp/htdocs/safari/vendor/laravel/framework/src/Illuminate/Database/Eloquent/Builder.php(1266): Illuminate/Database/Query/Builder->update(Object(Illuminate/Support/Collection))
#7 C:/Users/user/Documents/xamp/htdocs/safari/vendor/laravel/framework/src/Illuminate/Database/Eloquent/Model.php(1316): Illuminate/Database/Eloquent/Builder->update(Array)
#8 C:/Users/user/Documents/xamp/htdocs/safari/vendor/laravel/framework/src/Illuminate/Database/Eloquent/Model.php(1233): Illuminate/Database/Eloquent/Model->performUpdate(Object(Illuminate/Database/Eloquent/Builder))
#9 C:/Users/user/Documents/xamp/htdocs/safari/vendor/laravel/framework/src/Illuminate/Database/Eloquent/Model.php(1090): Illuminate/Database/Eloquent/Model->save(Array)
#10 C:/Users/user/Documents/xamp/htdocs/safari/app/Http/Controllers/TwoFactorController.php(36): Illuminate/Database/Eloquent/Model->update(Array)
#11 C:/Users/user/Documents/xamp/htdocs/safari/vendor/laravel/framework/src/Illuminate/Routing/ControllerDispatcher.php(46): App/Http/Controllers/TwoFactorController->start(Object(Illuminate/Http/Request))
#12 C:/Users/user/Documents/xamp/htdocs/safari/vendor/laravel/framework/src/Illuminate/Routing/Route.php(265): Illuminate/Routing/ControllerDispatcher->dispatch(Object(Illuminate/Routing/Route), Object(App/Http/Controllers/TwoFactorController), 'start')
#13 C:/Users/user/Documents/xamp/htdocs/safari/vendor/laravel/framework/src/Illuminate/Routing/Route.php(211): Illuminate/Routing/Route->runController()
#14 C:/Users/user/Documents/xamp/htdocs/safari/vendor/laravel/framework/src/Illuminate/Routing/Router.php(822): Illuminate/Routing/Route->run()
#15 C:/Users/user/Documents/xamp/htdocs/safari/vendor/laravel/framework/src/Illuminate/Pipeline/Pipeline.php(180): Illuminate/Routing/Router->Illuminate/Routing/{closure}(Object(Illuminate/Http/Request))
#16 C:/Users/user/Documents/xamp/htdocs/safari/app/Http/Middleware/SetLocale.php(21): Illuminate/Pipeline/Pipeline->Illuminate/Pipeline/{closure}(Object(Illuminate/Http/Request))
#17 C:/Users/user/Documents/xamp/htdocs/safari/vendor/laravel/framework/src/Illuminate/Pipeline/Pipeline.php(219): App/Http/Middleware/SetLocale->handle(Object(Illuminate/Http/Request), Object(Closure))
#18 C:/Users/user/Documents/xamp/htdocs/safari/vendor/laravel/framework/src/Illuminate/Routing/Middleware/SubstituteBindings.php(50): Illuminate/Pipeline/Pipeline->Illuminate/Pipeline/{closure}(Object(Illuminate/Http/Request))
#19 C:/Users/user/Documents/xamp/htdocs/safari/vendor/laravel/framework/src/Illuminate/Pipeline/Pipeline.php(219): Illuminate/Routing/Middleware/SubstituteBindings->handle(Object(Illuminate/Http/Request), Object(Closure))
#20 C:/Users/user/Documents/xamp/htdocs/safari/vendor/laravel/framework/src/Illuminate/Auth/Middleware/Authenticate.php(63): Illuminate/Pipeline/Pipeline->Illuminate/Pipeline/{closure}(Object(Illuminate/Http/Request))
#21 C:/Users/user/Documents/xamp/htdocs/safari/vendor/laravel/framework/src/Illuminate/Pipeline/Pipeline.php(219): Illuminate/Auth/Middleware/Authenticate->handle(Object(Illuminate/Http/Request), Object(Closure))
#22 C:/Users/user/Documents/xamp/htdocs/safari/vendor/laravel/framework/src/Illuminate/Foundation/Http/Middleware/VerifyCsrfToken.php(87): Illuminate/Pipeline/Pipeline->Illuminate/Pipeline/{closure}(Object(Illuminate/Http/Request))
#23 C:/Users/user/Documents/xamp/htdocs/safari/vendor/laravel/framework/src/Illuminate/Pipeline/Pipeline.php(219): Illuminate/Foundation/Http/Middleware/VerifyCsrfToken->handle(Object(Illuminate/Http/Request), Object(Closure))
#24 C:/Users/user/Documents/xamp/htdocs/safari/vendor/laravel/framework/src/Illuminate/View/Middleware/ShareErrorsFromSession.php(48): Illuminate/Pipeline/Pipeline->Illuminate/Pipeline/{closure}(Object(Illuminate/Http/Request))
#25 C:/Users/user/Documents/xamp/htdocs/safari/vendor/laravel/framework/src/Illuminate/Pipeline/Pipeline.php(219): Illuminate/View/Middleware/ShareErrorsFromSession->handle(Object(Illuminate/Http/Request), Object(Closure))
#26 C:/Users/user/Documents/xamp/htdocs/safari/vendor/laravel/framework/src/Illuminate/Session/Middleware/StartSession.php(120): Illuminate/Pipeline/Pipeline->Illuminate/Pipeline/{closure}(Object(Illuminate/Http/Request))
#27 C:/Users/user/Documents/xamp/htdocs/safari/vendor/laravel/framework/src/Illuminate/Session/Middleware/StartSession.php(63): Illuminate/Session/Middleware/StartSession->handleStatefulRequest(Object(Illuminate/Http/Request), Object(Illuminate/Session/Store), Object(Closure))
#28 C:/Users/user/Documents/xamp/htdocs/safari/vendor/laravel/framework/src/Illuminate/Pipeline/Pipeline.php(219): Illuminate/Session/Middleware/StartSession->handle(Object(Illuminate/Http/Request), Object(Closure))
#29 C:/Users/user/Documents/xamp/htdocs/safari/vendor/laravel/framework/src/Illuminate/Cookie/Middleware/AddQueuedCookiesToResponse.php(36): Illuminate/Pipeline/Pipeline->Illuminate/Pipeline/{closure}(Object(Illuminate/Http/Request))
#30 C:/Users/user/Documents/xamp/htdocs/safari/vendor/laravel/framework/src/Illuminate/Pipeline/Pipeline.php(219): Illuminate/Cookie/Middleware/AddQueuedCookiesToResponse->handle(Object(Illuminate/Http/Request), Object(Closure))
#31 C:/Users/user/Documents/xamp/htdocs/safari/vendor/laravel/framework/src/Illuminate/Cookie/Middleware/EncryptCookies.php(74): Illuminate/Pipeline/Pipeline->Illuminate/Pipeline/{closure}(Object(Illuminate/Http/Request))
#32 C:/Users/user/Documents/xamp/htdocs/safari/vendor/laravel/framework/src/Illuminate/Pipeline/Pipeline.php(219): Illuminate/Cookie/Middleware/EncryptCookies->handle(Object(Illuminate/Http/Request), Object(Closure))
#33 C:/Users/user/Documents/xamp/htdocs/safari/vendor/laravel/framework/src/Illuminate/Pipeline/Pipeline.php(137): Illuminate/Pipeline/Pipeline->Illuminate/Pipeline/{closure}(Object(Illuminate/Http/Request))
#34 C:/Users/user/Documents/xamp/htdocs/safari/vendor/laravel/framework/src/Illuminate/Routing/Router.php(821): Illuminate/Pipeline/Pipeline->then(Object(Closure))
#35 C:/Users/user/Documents/xamp/htdocs/safari/vendor/laravel/framework/src/Illuminate/Routing/Router.php(800): Illuminate/Routing/Router->runRouteWithinStack(Object(Illuminate/Routing/Route), Object(Illuminate/Http/Request))
#36 C:/Users/user/Documents/xamp/htdocs/safari/vendor/laravel/framework/src/Illuminate/Routing/Router.php(764): Illuminate/Routing/Router->runRoute(Object(Illuminate/Http/Request), Object(Illuminate/Routing/Route))
#37 C:/Users/user/Documents/xamp/htdocs/safari/vendor/laravel/framework/src/Illuminate/Routing/Router.php(753): Illuminate/Routing/Router->dispatchToRoute(Object(Illuminate/Http/Request))
#38 C:/Users/user/Documents/xamp/htdocs/safari/vendor/laravel/framework/src/Illuminate/Foundation/Http/Kernel.php(200): Illuminate/Routing/Router->dispatch(Object(Illuminate/Http/Request))
#39 C:/Users/user/Documents/xamp/htdocs/safari/vendor/laravel/framework/src/Illuminate/Pipeline/Pipeline.php(180): Illuminate/Foundation/Http/Kernel->Illuminate/Foundation/Http/{closure}(Object(Illuminate/Http/Request))
#40 C:/Users/user/Documents/xamp/htdocs/safari/vendor/laravel/framework/src/Illuminate/Foundation/Http/Middleware/TransformsRequest.php(21): Illuminate/Pipeline/Pipeline->Illuminate/Pipeline/{closure}(Object(Illuminate/Http/Request))
#41 C:/Users/user/Documents/xamp/htdocs/safari/vendor/laravel/framework/src/Illuminate/Foundation/Http/Middleware/ConvertEmptyStringsToNull.php(31): Illuminate/Foundation/Http/Middleware/TransformsRequest->handle(Object(Illuminate/Http/Request), Object(Closure))
#42 C:/Users/user/Documents/xamp/htdocs/safari/vendor/laravel/framework/src/Illuminate/Pipeline/Pipeline.php(219): Illuminate/Foundation/Http/Middleware/ConvertEmptyStringsToNull->handle(Object(Illuminate/Http/Request), Object(Closure))
#43 C:/Users/user/Documents/xamp/htdocs/safari/vendor/laravel/framework/src/Illuminate/Foundation/Http/Middleware/TransformsRequest.php(21): Illuminate/Pipeline/Pipeline->Illuminate/Pipeline/{closure}(Object(Illuminate/Http/Request))
#44 C:/Users/user/Documents/xamp/htdocs/safari/vendor/laravel/framework/src/Illuminate/Foundation/Http/Middleware/TrimStrings.php(51): Illuminate/Foundation/Http/Middleware/TransformsRequest->handle(Object(Illuminate/Http/Request), Object(Closure))
#45 C:/Users/user/Documents/xamp/htdocs/safari/vendor/laravel/framework/src/Illuminate/Pipeline/Pipeline.php(219): Illuminate/Foundation/Http/Middleware/TrimStrings->handle(Object(Illuminate/Http/Request), Object(Closure))
#46 C:/Users/user/Documents/xamp/htdocs/safari/vendor/laravel/framework/src/Illuminate/Http/Middleware/ValidatePostSize.php(27): Illuminate/Pipeline/Pipeline->Illuminate/Pipeline/{closure}(Object(Illuminate/Http/Request))
#47 C:/Users/user/Documents/xamp/htdocs/safari/vendor/laravel/framework/src/Illuminate/Pipeline/Pipeline.php(219): Illuminate/Http/Middleware/ValidatePostSize->handle(Object(Illuminate/Http/Request), Object(Closure))
#48 C:/Users/user/Documents/xamp/htdocs/safari/vendor/laravel/framework/src/Illuminate/Foundation/Http/Middleware/PreventRequestsDuringMaintenance.php(109): Illuminate/Pipeline/Pipeline->Illuminate/Pipeline/{closure}(Object(Illuminate/Http/Request))
#49 C:/Users/user/Documents/xamp/htdocs/safari/vendor/laravel/framework/src/Illuminate/Pipeline/Pipeline.php(219): Illuminate/Foundation/Http/Middleware/PreventRequestsDuringMaintenance->handle(Object(Illuminate/Http/Request), Object(Closure))
#50 C:/Users/user/Documents/xamp/htdocs/safari/vendor/laravel/framework/src/Illuminate/Http/Middleware/HandleCors.php(61): Illuminate/Pipeline/Pipeline->Illuminate/Pipeline/{closure}(Object(Illuminate/Http/Request))
#51 C:/Users/user/Documents/xamp/htdocs/safari/vendor/laravel/framework/src/Illuminate/Pipeline/Pipeline.php(219): Illuminate/Http/Middleware/HandleCors->handle(Object(Illuminate/Http/Request), Object(Closure))
#52 C:/Users/user/Documents/xamp/htdocs/safari/vendor/laravel/framework/src/Illuminate/Http/Middleware/TrustProxies.php(58): Illuminate/Pipeline/Pipeline->Illuminate/Pipeline/{closure}(Object(Illuminate/Http/Request))
#53 C:/Users/user/Documents/xamp/htdocs/safari/vendor/laravel/framework/src/Illuminate/Pipeline/Pipeline.php(219): Illuminate/Http/Middleware/TrustProxies->handle(Object(Illuminate/Http/Request), Object(Closure))
#54 C:/Users/user/Documents/xamp/htdocs/safari/vendor/laravel/framework/src/Illuminate/Foundation/Http/Middleware/InvokeDeferredCallbacks.php(22): Illuminate/Pipeline/Pipeline->Illuminate/Pipeline/{closure}(Object(Illuminate/Http/Request))
#55 C:/Users/user/Documents/xamp/htdocs/safari/vendor/laravel/framework/src/Illuminate/Pipeline/Pipeline.php(219): Illuminate/Foundation/Http/Middleware/InvokeDeferredCallbacks->handle(Object(Illuminate/Http/Request), Object(Closure))
#56 C:/Users/user/Documents/xamp/htdocs/safari/vendor/laravel/framework/src/Illuminate/Http/Middleware/ValidatePathEncoding.php(26): Illuminate/Pipeline/Pipeline->Illuminate/Pipeline/{closure}(Object(Illuminate/Http/Request))
#57 C:/Users/user/Documents/xamp/htdocs/safari/vendor/laravel/framework/src/Illuminate/Pipeline/Pipeline.php(219): Illuminate/Http/Middleware/ValidatePathEncoding->handle(Object(Illuminate/Http/Request), Object(Closure))
#58 C:/Users/user/Documents/xamp/htdocs/safari/vendor/laravel/framework/src/Illuminate/Pipeline/Pipeline.php(137): Illuminate/Pipeline/Pipeline->Illuminate/Pipeline/{closure}(Object(Illuminate/Http/Request))
#59 C:/Users/user/Documents/xamp/htdocs/safari/vendor/laravel/framework/src/Illuminate/Foundation/Http/Kernel.php(175): Illuminate/Pipeline/Pipeline->then(Object(Closure))
#60 C:/Users/user/Documents/xamp/htdocs/safari/vendor/laravel/framework/src/Illuminate/Foundation/Http/Kernel.php(144): Illuminate/Foundation/Http/Kernel->sendRequestThroughRouter(Object(Illuminate/Http/Request))
#61 C:/Users/user/Documents/xamp/htdocs/safari/vendor/laravel/framework/src/Illuminate/Foundation/Application.php(1220): Illuminate/Foundation/Http/Kernel->handle(Object(Illuminate/Http/Request))
#62 C:/Users/user/Documents/xamp/htdocs/safari/index.php(17): Illuminate/Foundation/Application->handleRequest(Object(Illuminate/Http/Request))
#63 {main}
"} 
[2026-08-05 18:13:28] production.ERROR: rename(C:\Users\user\Documents\xamp\htdocs\safari\storage\framework\views\ded400B.tmp,C:\Users\user\Documents\xamp\htdocs\safari\storage\framework\views/ded0a93e6d0db9a2e46319e5534d7e3c.php): Access is denied (code: 5) (View: C:\Users\user\Documents\xamp\htdocs\safari\resources\views\admin\requests\partials\_client_search.blade.php) {"userId":2,"exception":"[object] (Illuminate\\View\\ViewException(code: 0): rename(C:\\Users\\user\\Documents\\xamp\\htdocs\\safari\\storage\\framework\\views\\ded400B.tmp,C:\\Users\\user\\Documents\\xamp\\htdocs\\safari\\storage\\framework\\views/ded0a93e6d0db9a2e46319e5534d7e3c.php): Access is denied (code: 5) (View: C:\\Users\\user\\Documents\\xamp\\htdocs\\safari\\resources\\views\\admin\\requests\\partials\\_client_search.blade.php) at C:/Users/user/Documents/xamp/htdocs/safari/vendor/laravel/framework/src/Illuminate/Filesystem/Filesystem.php:233)
[stacktrace]
#0 C:/Users/user/Documents/xamp/htdocs/safari/vendor/laravel/framework/src/Illuminate/View/Engines/PhpEngine.php(59): Illuminate/View/Engines/CompilerEngine->handleViewException(Object(ErrorException), 1)
#1 C:/Users/user/Documents/xamp/htdocs/safari/vendor/laravel/framework/src/Illuminate/View/Engines/CompilerEngine.php(76): Illuminate/View/Engines/PhpEngine->evaluatePath('C://Users//user//D...', Array)
#2 C:/Users/user/Documents/xamp/htdocs/safari/vendor/laravel/framework/src/Illuminate/View/View.php(208): Illuminate/View/Engines/CompilerEngine->get('C://Users//user//D...', Array)
#3 C:/Users/user/Documents/xamp/htdocs/safari/vendor/laravel/framework/src/Illuminate/View/View.php(191): Illuminate/View/View->getContents()
#4 C:/Users/user/Documents/xamp/htdocs/safari/vendor/laravel/framework/src/Illuminate/View/View.php(160): Illuminate/View/View->renderContents()
#5 C:/Users/user/Documents/xamp/htdocs/safari/vendor/laravel/framework/src/Illuminate/Http/Response.php(78): Illuminate/View/View->render()
#6 C:/Users/user/Documents/xamp/htdocs/safari/vendor/laravel/framework/src/Illuminate/Http/Response.php(34): Illuminate/Http/Response->setContent(Object(Illuminate/View/View))
#7 C:/Users/user/Documents/xamp/htdocs/safari/vendor/laravel/framework/src/Illuminate/Routing/Router.php(939): Illuminate/Http/Response->__construct(Object(Illuminate/View/View), 200, Array)
#8 C:/Users/user/Documents/xamp/htdocs/safari/vendor/laravel/framework/src/Illuminate/Routing/Router.php(906): Illuminate/Routing/Router::toResponse(Object(Illuminate/Http/Request), Object(Illuminate/View/View))
#9 C:/Users/user/Documents/xamp/htdocs/safari/vendor/laravel/framework/src/Illuminate/Routing/Router.php(821): Illuminate/Routing/Router->prepareResponse(Object(Illuminate/Http/Request), Object(Illuminate/View/View))
#10 C:/Users/user/Documents/xamp/htdocs/safari/vendor/laravel/framework/src/Illuminate/Pipeline/Pipeline.php(180): Illuminate/Routing/Router->Illuminate/Routing/{closure}(Object(Illuminate/Http/Request))
#11 C:/Users/user/Documents/xamp/htdocs/safari/app/Http/Middleware/SetLocale.php(21): Illuminate/Pipeline/Pipeline->Illuminate/Pipeline/{closure}(Object(Illuminate/Http/Request))
#12 C:/Users/user/Documents/xamp/htdocs/safari/vendor/laravel/framework/src/Illuminate/Pipeline/Pipeline.php(219): App/Http/Middleware/SetLocale->handle(Object(Illuminate/Http/Request), Object(Closure))
#13 C:/Users/user/Documents/xamp/htdocs/safari/vendor/laravel/framework/src/Illuminate/Routing/Middleware/SubstituteBindings.php(50): Illuminate/Pipeline/Pipeline->Illuminate/Pipeline/{closure}(Object(Illuminate/Http/Request))
#14 C:/Users/user/Documents/xamp/htdocs/safari/vendor/laravel/framework/src/Illuminate/Pipeline/Pipeline.php(219): Illuminate/Routing/Middleware/SubstituteBindings->handle(Object(Illuminate/Http/Request), Object(Closure))
#15 C:/Users/user/Documents/xamp/htdocs/safari/vendor/laravel/framework/src/Illuminate/Auth/Middleware/Authenticate.php(63): Illuminate/Pipeline/Pipeline->Illuminate/Pipeline/{closure}(Object(Illuminate/Http/Request))
#16 C:/Users/user/Documents/xamp/htdocs/safari/vendor/laravel/framework/src/Illuminate/Pipeline/Pipeline.php(219): Illuminate/Auth/Middleware/Authenticate->handle(Object(Illuminate/Http/Request), Object(Closure))
#17 C:/Users/user/Documents/xamp/htdocs/safari/vendor/laravel/framework/src/Illuminate/Foundation/Http/Middleware/VerifyCsrfToken.php(87): Illuminate/Pipeline/Pipeline->Illuminate/Pipeline/{closure}(Object(Illuminate/Http/Request))
#18 C:/Users/user/Documents/xamp/htdocs/safari/vendor/laravel/framework/src/Illuminate/Pipeline/Pipeline.php(219): Illuminate/Foundation/Http/Middleware/VerifyCsrfToken->handle(Object(Illuminate/Http/Request), Object(Closure))
#19 C:/Users/user/Documents/xamp/htdocs/safari/vendor/laravel/framework/src/Illuminate/View/Middleware/ShareErrorsFromSession.php(48): Illuminate/Pipeline/Pipeline->Illuminate/Pipeline/{closure}(Object(Illuminate/Http/Request))
#20 C:/Users/user/Documents/xamp/htdocs/safari/vendor/laravel/framework/src/Illuminate/Pipeline/Pipeline.php(219): Illuminate/View/Middleware/ShareErrorsFromSession->handle(Object(Illuminate/Http/Request), Object(Closure))
#21 C:/Users/user/Documents/xamp/htdocs/safari/vendor/laravel/framework/src/Illuminate/Session/Middleware/StartSession.php(120): Illuminate/Pipeline/Pipeline->Illuminate/Pipeline/{closure}(Object(Illuminate/Http/Request))
#22 C:/Users/user/Documents/xamp/htdocs/safari/vendor/laravel/framework/src/Illuminate/Session/Middleware/StartSession.php(63): Illuminate/Session/Middleware/StartSession->handleStatefulRequest(Object(Illuminate/Http/Request), Object(Illuminate/Session/Store), Object(Closure))
#23 C:/Users/user/Documents/xamp/htdocs/safari/vendor/laravel/framework/src/Illuminate/Pipeline/Pipeline.php(219): Illuminate/Session/Middleware/StartSession->handle(Object(Illuminate/Http/Request), Object(Closure))
#24 C:/Users/user/Documents/xamp/htdocs/safari/vendor/laravel/framework/src/Illuminate/Cookie/Middleware/AddQueuedCookiesToResponse.php(36): Illuminate/Pipeline/Pipeline->Illuminate/Pipeline/{closure}(Object(Illuminate/Http/Request))
#25 C:/Users/user/Documents/xamp/htdocs/safari/vendor/laravel/framework/src/Illuminate/Pipeline/Pipeline.php(219): Illuminate/Cookie/Middleware/AddQueuedCookiesToResponse->handle(Object(Illuminate/Http/Request), Object(Closure))
#26 C:/Users/user/Documents/xamp/htdocs/safari/vendor/laravel/framework/src/Illuminate/Cookie/Middleware/EncryptCookies.php(74): Illuminate/Pipeline/Pipeline->Illuminate/Pipeline/{closure}(Object(Illuminate/Http/Request))
#27 C:/Users/user/Documents/xamp/htdocs/safari/vendor/laravel/framework/src/Illuminate/Pipeline/Pipeline.php(219): Illuminate/Cookie/Middleware/EncryptCookies->handle(Object(Illuminate/Http/Request), Object(Closure))
#28 C:/Users/user/Documents/xamp/htdocs/safari/vendor/laravel/framework/src/Illuminate/Pipeline/Pipeline.php(137): Illuminate/Pipeline/Pipeline->Illuminate/Pipeline/{closure}(Object(Illuminate/Http/Request))
#29 C:/Users/user/Documents/xamp/htdocs/safari/vendor/laravel/framework/src/Illuminate/Routing/Router.php(821): Illuminate/Pipeline/Pipeline->then(Object(Closure))
#30 C:/Users/user/Documents/xamp/htdocs/safari/vendor/laravel/framework/src/Illuminate/Routing/Router.php(800): Illuminate/Routing/Router->runRouteWithinStack(Object(Illuminate/Routing/Route), Object(Illuminate/Http/Request))
#31 C:/Users/user/Documents/xamp/htdocs/safari/vendor/laravel/framework/src/Illuminate/Routing/Router.php(764): Illuminate/Routing/Router->runRoute(Object(Illuminate/Http/Request), Object(Illuminate/Routing/Route))
#32 C:/Users/user/Documents/xamp/htdocs/safari/vendor/laravel/framework/src/Illuminate/Routing/Router.php(753): Illuminate/Routing/Router->dispatchToRoute(Object(Illuminate/Http/Request))
#33 C:/Users/user/Documents/xamp/htdocs/safari/vendor/laravel/framework/src/Illuminate/Foundation/Http/Kernel.php(200): Illuminate/Routing/Router->dispatch(Object(Illuminate/Http/Request))
#34 C:/Users/user/Documents/xamp/htdocs/safari/vendor/laravel/framework/src/Illuminate/Pipeline/Pipeline.php(180): Illuminate/Foundation/Http/Kernel->Illuminate/Foundation/Http/{closure}(Object(Illuminate/Http/Request))
#35 C:/Users/user/Documents/xamp/htdocs/safari/vendor/laravel/framework/src/Illuminate/Foundation/Http/Middleware/TransformsRequest.php(21): Illuminate/Pipeline/Pipeline->Illuminate/Pipeline/{closure}(Object(Illuminate/Http/Request))
#36 C:/Users/user/Documents/xamp/htdocs/safari/vendor/laravel/framework/src/Illuminate/Foundation/Http/Middleware/ConvertEmptyStringsToNull.php(31): Illuminate/Foundation/Http/Middleware/TransformsRequest->handle(Object(Illuminate/Http/Request), Object(Closure))
#37 C:/Users/user/Documents/xamp/htdocs/safari/vendor/laravel/framework/src/Illuminate/Pipeline/Pipeline.php(219): Illuminate/Foundation/Http/Middleware/ConvertEmptyStringsToNull->handle(Object(Illuminate/Http/Request), Object(Closure))
#38 C:/Users/user/Documents/xamp/htdocs/safari/vendor/laravel/framework/src/Illuminate/Foundation/Http/Middleware/TransformsRequest.php(21): Illuminate/Pipeline/Pipeline->Illuminate/Pipeline/{closure}(Object(Illuminate/Http/Request))
#39 C:/Users/user/Documents/xamp/htdocs/safari/vendor/laravel/framework/src/Illuminate/Foundation/Http/Middleware/TrimStrings.php(51): Illuminate/Foundation/Http/Middleware/TransformsRequest->handle(Object(Illuminate/Http/Request), Object(Closure))
#40 C:/Users/user/Documents/xamp/htdocs/safari/vendor/laravel/framework/src/Illuminate/Pipeline/Pipeline.php(219): Illuminate/Foundation/Http/Middleware/TrimStrings->handle(Object(Illuminate/Http/Request), Object(Closure))
#41 C:/Users/user/Documents/xamp/htdocs/safari/vendor/laravel/framework/src/Illuminate/Http/Middleware/ValidatePostSize.php(27): Illuminate/Pipeline/Pipeline->Illuminate/Pipeline/{closure}(Object(Illuminate/Http/Request))
#42 C:/Users/user/Documents/xamp/htdocs/safari/vendor/laravel/framework/src/Illuminate/Pipeline/Pipeline.php(219): Illuminate/Http/Middleware/ValidatePostSize->handle(Object(Illuminate/Http/Request), Object(Closure))
#43 C:/Users/user/Documents/xamp/htdocs/safari/vendor/laravel/framework/src/Illuminate/Foundation/Http/Middleware/PreventRequestsDuringMaintenance.php(109): Illuminate/Pipeline/Pipeline->Illuminate/Pipeline/{closure}(Object(Illuminate/Http/Request))
#44 C:/Users/user/Documents/xamp/htdocs/safari/vendor/laravel/framework/src/Illuminate/Pipeline/Pipeline.php(219): Illuminate/Foundation/Http/Middleware/PreventRequestsDuringMaintenance->handle(Object(Illuminate/Http/Request), Object(Closure))
#45 C:/Users/user/Documents/xamp/htdocs/safari/vendor/laravel/framework/src/Illuminate/Http/Middleware/HandleCors.php(61): Illuminate/Pipeline/Pipeline->Illuminate/Pipeline/{closure}(Object(Illuminate/Http/Request))
#46 C:/Users/user/Documents/xamp/htdocs/safari/vendor/laravel/framework/src/Illuminate/Pipeline/Pipeline.php(219): Illuminate/Http/Middleware/HandleCors->handle(Object(Illuminate/Http/Request), Object(Closure))
#47 C:/Users/user/Documents/xamp/htdocs/safari/vendor/laravel/framework/src/Illuminate/Http/Middleware/TrustProxies.php(58): Illuminate/Pipeline/Pipeline->Illuminate/Pipeline/{closure}(Object(Illuminate/Http/Request))
#48 C:/Users/user/Documents/xamp/htdocs/safari/vendor/laravel/framework/src/Illuminate/Pipeline/Pipeline.php(219): Illuminate/Http/Middleware/TrustProxies->handle(Object(Illuminate/Http/Request), Object(Closure))
#49 C:/Users/user/Documents/xamp/htdocs/safari/vendor/laravel/framework/src/Illuminate/Foundation/Http/Middleware/InvokeDeferredCallbacks.php(22): Illuminate/Pipeline/Pipeline->Illuminate/Pipeline/{closure}(Object(Illuminate/Http/Request))
#50 C:/Users/user/Documents/xamp/htdocs/safari/vendor/laravel/framework/src/Illuminate/Pipeline/Pipeline.php(219): Illuminate/Foundation/Http/Middleware/InvokeDeferredCallbacks->handle(Object(Illuminate/Http/Request), Object(Closure))
#51 C:/Users/user/Documents/xamp/htdocs/safari/vendor/laravel/framework/src/Illuminate/Http/Middleware/ValidatePathEncoding.php(26): Illuminate/Pipeline/Pipeline->Illuminate/Pipeline/{closure}(Object(Illuminate/Http/Request))
#52 C:/Users/user/Documents/xamp/htdocs/safari/vendor/laravel/framework/src/Illuminate/Pipeline/Pipeline.php(219): Illuminate/Http/Middleware/ValidatePathEncoding->handle(Object(Illuminate/Http/Request), Object(Closure))
#53 C:/Users/user/Documents/xamp/htdocs/safari/vendor/laravel/framework/src/Illuminate/Pipeline/Pipeline.php(137): Illuminate/Pipeline/Pipeline->Illuminate/Pipeline/{closure}(Object(Illuminate/Http/Request))
#54 C:/Users/user/Documents/xamp/htdocs/safari/vendor/laravel/framework/src/Illuminate/Foundation/Http/Kernel.php(175): Illuminate/Pipeline/Pipeline->then(Object(Closure))
#55 C:/Users/user/Documents/xamp/htdocs/safari/vendor/laravel/framework/src/Illuminate/Foundation/Http/Kernel.php(144): Illuminate/Foundation/Http/Kernel->sendRequestThroughRouter(Object(Illuminate/Http/Request))
#56 C:/Users/user/Documents/xamp/htdocs/safari/vendor/laravel/framework/src/Illuminate/Foundation/Application.php(1220): Illuminate/Foundation/Http/Kernel->handle(Object(Illuminate/Http/Request))
#57 C:/Users/user/Documents/xamp/htdocs/safari/index.php(17): Illuminate/Foundation/Application->handleRequest(Object(Illuminate/Http/Request))
#58 {main}

[previous exception] [object] (ErrorException(code: 0): rename(C:\\Users\\user\\Documents\\xamp\\htdocs\\safari\\storage\\framework\\views\\ded400B.tmp,C:\\Users\\user\\Documents\\xamp\\htdocs\\safari\\storage\\framework\\views/ded0a93e6d0db9a2e46319e5534d7e3c.php): Access is denied (code: 5) at C:/Users/user/Documents/xamp/htdocs/safari/vendor/laravel/framework/src/Illuminate/Filesystem/Filesystem.php:233)
[stacktrace]
#0 C:/Users/user/Documents/xamp/htdocs/safari/vendor/laravel/framework/src/Illuminate/Foundation/Bootstrap/HandleExceptions.php(262): Illuminate/Foundation/Bootstrap/HandleExceptions->handleError(2, 'rename(C://Users...', 'C://Users//user//D...', 233)
#1 [internal function]: Illuminate/Foundation/Bootstrap/HandleExceptions->Illuminate/Foundation/Bootstrap/{closure}(2, 'rename(C://Users...', 'C://Users//user//D...', 233)
#2 C:/Users/user/Documents/xamp/htdocs/safari/vendor/laravel/framework/src/Illuminate/Filesystem/Filesystem.php(233): rename('C://Users//user//D...', 'C://Users//user//D...')
#3 C:/Users/user/Documents/xamp/htdocs/safari/vendor/laravel/framework/src/Illuminate/View/Compilers/BladeCompiler.php(199): Illuminate/Filesystem/Filesystem->replace('C://Users//user//D...', '<div id=\"client...')
#4 C:/Users/user/Documents/xamp/htdocs/safari/vendor/laravel/framework/src/Illuminate/View/Engines/CompilerEngine.php(68): Illuminate/View/Compilers/BladeCompiler->compile('C://Users//user//D...')
#5 C:/Users/user/Documents/xamp/htdocs/safari/vendor/laravel/framework/src/Illuminate/View/View.php(208): Illuminate/View/Engines/CompilerEngine->get('C://Users//user//D...', Array)
#6 C:/Users/user/Documents/xamp/htdocs/safari/vendor/laravel/framework/src/Illuminate/View/View.php(191): Illuminate/View/View->getContents()
#7 C:/Users/user/Documents/xamp/htdocs/safari/vendor/laravel/framework/src/Illuminate/View/View.php(160): Illuminate/View/View->renderContents()
#8 C:/Users/user/Documents/xamp/htdocs/safari/storage/framework/views/cfbb17714b161dde183d217255e12255.php(35): Illuminate/View/View->render()
#9 C:/Users/user/Documents/xamp/htdocs/safari/vendor/laravel/framework/src/Illuminate/Filesystem/Filesystem.php(123): require('C://Users//user//D...')
#10 C:/Users/user/Documents/xamp/htdocs/safari/vendor/laravel/framework/src/Illuminate/Filesystem/Filesystem.php(124): Illuminate/Filesystem/Filesystem::Illuminate/Filesystem/{closure}()
#11 C:/Users/user/Documents/xamp/htdocs/safari/vendor/laravel/framework/src/Illuminate/View/Engines/PhpEngine.php(57): Illuminate/Filesystem/Filesystem->getRequire('C://Users//user//D...', Array)
#12 C:/Users/user/Documents/xamp/htdocs/safari/vendor/laravel/framework/src/Illuminate/View/Engines/CompilerEngine.php(76): Illuminate/View/Engines/PhpEngine->evaluatePath('C://Users//user//D...', Array)
#13 C:/Users/user/Documents/xamp/htdocs/safari/vendor/laravel/framework/src/Illuminate/View/View.php(208): Illuminate/View/Engines/CompilerEngine->get('C://Users//user//D...', Array)
#14 C:/Users/user/Documents/xamp/htdocs/safari/vendor/laravel/framework/src/Illuminate/View/View.php(191): Illuminate/View/View->getContents()
#15 C:/Users/user/Documents/xamp/htdocs/safari/vendor/laravel/framework/src/Illuminate/View/View.php(160): Illuminate/View/View->renderContents()
#16 C:/Users/user/Documents/xamp/htdocs/safari/vendor/laravel/framework/src/Illuminate/Http/Response.php(78): Illuminate/View/View->render()
#17 C:/Users/user/Documents/xamp/htdocs/safari/vendor/laravel/framework/src/Illuminate/Http/Response.php(34): Illuminate/Http/Response->setContent(Object(Illuminate/View/View))
#18 C:/Users/user/Documents/xamp/htdocs/safari/vendor/laravel/framework/src/Illuminate/Routing/Router.php(939): Illuminate/Http/Response->__construct(Object(Illuminate/View/View), 200, Array)
#19 C:/Users/user/Documents/xamp/htdocs/safari/vendor/laravel/framework/src/Illuminate/Routing/Router.php(906): Illuminate/Routing/Router::toResponse(Object(Illuminate/Http/Request), Object(Illuminate/View/View))
#20 C:/Users/user/Documents/xamp/htdocs/safari/vendor/laravel/framework/src/Illuminate/Routing/Router.php(821): Illuminate/Routing/Router->prepareResponse(Object(Illuminate/Http/Request), Object(Illuminate/View/View))
#21 C:/Users/user/Documents/xamp/htdocs/safari/vendor/laravel/framework/src/Illuminate/Pipeline/Pipeline.php(180): Illuminate/Routing/Router->Illuminate/Routing/{closure}(Object(Illuminate/Http/Request))
#22 C:/Users/user/Documents/xamp/htdocs/safari/app/Http/Middleware/SetLocale.php(21): Illuminate/Pipeline/Pipeline->Illuminate/Pipeline/{closure}(Object(Illuminate/Http/Request))
#23 C:/Users/user/Documents/xamp/htdocs/safari/vendor/laravel/framework/src/Illuminate/Pipeline/Pipeline.php(219): App/Http/Middleware/SetLocale->handle(Object(Illuminate/Http/Request), Object(Closure))
#24 C:/Users/user/Documents/xamp/htdocs/safari/vendor/laravel/framework/src/Illuminate/Routing/Middleware/SubstituteBindings.php(50): Illuminate/Pipeline/Pipeline->Illuminate/Pipeline/{closure}(Object(Illuminate/Http/Request))
#25 C:/Users/user/Documents/xamp/htdocs/safari/vendor/laravel/framework/src/Illuminate/Pipeline/Pipeline.php(219): Illuminate/Routing/Middleware/SubstituteBindings->handle(Object(Illuminate/Http/Request), Object(Closure))
#26 C:/Users/user/Documents/xamp/htdocs/safari/vendor/laravel/framework/src/Illuminate/Auth/Middleware/Authenticate.php(63): Illuminate/Pipeline/Pipeline->Illuminate/Pipeline/{closure}(Object(Illuminate/Http/Request))
#27 C:/Users/user/Documents/xamp/htdocs/safari/vendor/laravel/framework/src/Illuminate/Pipeline/Pipeline.php(219): Illuminate/Auth/Middleware/Authenticate->handle(Object(Illuminate/Http/Request), Object(Closure))
#28 C:/Users/user/Documents/xamp/htdocs/safari/vendor/laravel/framework/src/Illuminate/Foundation/Http/Middleware/VerifyCsrfToken.php(87): Illuminate/Pipeline/Pipeline->Illuminate/Pipeline/{closure}(Object(Illuminate/Http/Request))
#29 C:/Users/user/Documents/xamp/htdocs/safari/vendor/laravel/framework/src/Illuminate/Pipeline/Pipeline.php(219): Illuminate/Foundation/Http/Middleware/VerifyCsrfToken->handle(Object(Illuminate/Http/Request), Object(Closure))
#30 C:/Users/user/Documents/xamp/htdocs/safari/vendor/laravel/framework/src/Illuminate/View/Middleware/ShareErrorsFromSession.php(48): Illuminate/Pipeline/Pipeline->Illuminate/Pipeline/{closure}(Object(Illuminate/Http/Request))
#31 C:/Users/user/Documents/xamp/htdocs/safari/vendor/laravel/framework/src/Illuminate/Pipeline/Pipeline.php(219): Illuminate/View/Middleware/ShareErrorsFromSession->handle(Object(Illuminate/Http/Request), Object(Closure))
#32 C:/Users/user/Documents/xamp/htdocs/safari/vendor/laravel/framework/src/Illuminate/Session/Middleware/StartSession.php(120): Illuminate/Pipeline/Pipeline->Illuminate/Pipeline/{closure}(Object(Illuminate/Http/Request))
#33 C:/Users/user/Documents/xamp/htdocs/safari/vendor/laravel/framework/src/Illuminate/Session/Middleware/StartSession.php(63): Illuminate/Session/Middleware/StartSession->handleStatefulRequest(Object(Illuminate/Http/Request), Object(Illuminate/Session/Store), Object(Closure))
#34 C:/Users/user/Documents/xamp/htdocs/safari/vendor/laravel/framework/src/Illuminate/Pipeline/Pipeline.php(219): Illuminate/Session/Middleware/StartSession->handle(Object(Illuminate/Http/Request), Object(Closure))
#35 C:/Users/user/Documents/xamp/htdocs/safari/vendor/laravel/framework/src/Illuminate/Cookie/Middleware/AddQueuedCookiesToResponse.php(36): Illuminate/Pipeline/Pipeline->Illuminate/Pipeline/{closure}(Object(Illuminate/Http/Request))
#36 C:/Users/user/Documents/xamp/htdocs/safari/vendor/laravel/framework/src/Illuminate/Pipeline/Pipeline.php(219): Illuminate/Cookie/Middleware/AddQueuedCookiesToResponse->handle(Object(Illuminate/Http/Request), Object(Closure))
#37 C:/Users/user/Documents/xamp/htdocs/safari/vendor/laravel/framework/src/Illuminate/Cookie/Middleware/EncryptCookies.php(74): Illuminate/Pipeline/Pipeline->Illuminate/Pipeline/{closure}(Object(Illuminate/Http/Request))
#38 C:/Users/user/Documents/xamp/htdocs/safari/vendor/laravel/framework/src/Illuminate/Pipeline/Pipeline.php(219): Illuminate/Cookie/Middleware/EncryptCookies->handle(Object(Illuminate/Http/Request), Object(Closure))
#39 C:/Users/user/Documents/xamp/htdocs/safari/vendor/laravel/framework/src/Illuminate/Pipeline/Pipeline.php(137): Illuminate/Pipeline/Pipeline->Illuminate/Pipeline/{closure}(Object(Illuminate/Http/Request))
#40 C:/Users/user/Documents/xamp/htdocs/safari/vendor/laravel/framework/src/Illuminate/Routing/Router.php(821): Illuminate/Pipeline/Pipeline->then(Object(Closure))
#41 C:/Users/user/Documents/xamp/htdocs/safari/vendor/laravel/framework/src/Illuminate/Routing/Router.php(800): Illuminate/Routing/Router->runRouteWithinStack(Object(Illuminate/Routing/Route), Object(Illuminate/Http/Request))
#42 C:/Users/user/Documents/xamp/htdocs/safari/vendor/laravel/framework/src/Illuminate/Routing/Router.php(764): Illuminate/Routing/Router->runRoute(Object(Illuminate/Http/Request), Object(Illuminate/Routing/Route))
#43 C:/Users/user/Documents/xamp/htdocs/safari/vendor/laravel/framework/src/Illuminate/Routing/Router.php(753): Illuminate/Routing/Router->dispatchToRoute(Object(Illuminate/Http/Request))
#44 C:/Users/user/Documents/xamp/htdocs/safari/vendor/laravel/framework/src/Illuminate/Foundation/Http/Kernel.php(200): Illuminate/Routing/Router->dispatch(Object(Illuminate/Http/Request))
#45 C:/Users/user/Documents/xamp/htdocs/safari/vendor/laravel/framework/src/Illuminate/Pipeline/Pipeline.php(180): Illuminate/Foundation/Http/Kernel->Illuminate/Foundation/Http/{closure}(Object(Illuminate/Http/Request))
#46 C:/Users/user/Documents/xamp/htdocs/safari/vendor/laravel/framework/src/Illuminate/Foundation/Http/Middleware/TransformsRequest.php(21): Illuminate/Pipeline/Pipeline->Illuminate/Pipeline/{closure}(Object(Illuminate/Http/Request))
#47 C:/Users/user/Documents/xamp/htdocs/safari/vendor/laravel/framework/src/Illuminate/Foundation/Http/Middleware/ConvertEmptyStringsToNull.php(31): Illuminate/Foundation/Http/Middleware/TransformsRequest->handle(Object(Illuminate/Http/Request), Object(Closure))
#48 C:/Users/user/Documents/xamp/htdocs/safari/vendor/laravel/framework/src/Illuminate/Pipeline/Pipeline.php(219): Illuminate/Foundation/Http/Middleware/ConvertEmptyStringsToNull->handle(Object(Illuminate/Http/Request), Object(Closure))
#49 C:/Users/user/Documents/xamp/htdocs/safari/vendor/laravel/framework/src/Illuminate/Foundation/Http/Middleware/TransformsRequest.php(21): Illuminate/Pipeline/Pipeline->Illuminate/Pipeline/{closure}(Object(Illuminate/Http/Request))
#50 C:/Users/user/Documents/xamp/htdocs/safari/vendor/laravel/framework/src/Illuminate/Foundation/Http/Middleware/TrimStrings.php(51): Illuminate/Foundation/Http/Middleware/TransformsRequest->handle(Object(Illuminate/Http/Request), Object(Closure))
#51 C:/Users/user/Documents/xamp/htdocs/safari/vendor/laravel/framework/src/Illuminate/Pipeline/Pipeline.php(219): Illuminate/Foundation/Http/Middleware/TrimStrings->handle(Object(Illuminate/Http/Request), Object(Closure))
#52 C:/Users/user/Documents/xamp/htdocs/safari/vendor/laravel/framework/src/Illuminate/Http/Middleware/ValidatePostSize.php(27): Illuminate/Pipeline/Pipeline->Illuminate/Pipeline/{closure}(Object(Illuminate/Http/Request))
#53 C:/Users/user/Documents/xamp/htdocs/safari/vendor/laravel/framework/src/Illuminate/Pipeline/Pipeline.php(219): Illuminate/Http/Middleware/ValidatePostSize->handle(Object(Illuminate/Http/Request), Object(Closure))
#54 C:/Users/user/Documents/xamp/htdocs/safari/vendor/laravel/framework/src/Illuminate/Foundation/Http/Middleware/PreventRequestsDuringMaintenance.php(109): Illuminate/Pipeline/Pipeline->Illuminate/Pipeline/{closure}(Object(Illuminate/Http/Request))
#55 C:/Users/user/Documents/xamp/htdocs/safari/vendor/laravel/framework/src/Illuminate/Pipeline/Pipeline.php(219): Illuminate/Foundation/Http/Middleware/PreventRequestsDuringMaintenance->handle(Object(Illuminate/Http/Request), Object(Closure))
#56 C:/Users/user/Documents/xamp/htdocs/safari/vendor/laravel/framework/src/Illuminate/Http/Middleware/HandleCors.php(61): Illuminate/Pipeline/Pipeline->Illuminate/Pipeline/{closure}(Object(Illuminate/Http/Request))
#57 C:/Users/user/Documents/xamp/htdocs/safari/vendor/laravel/framework/src/Illuminate/Pipeline/Pipeline.php(219): Illuminate/Http/Middleware/HandleCors->handle(Object(Illuminate/Http/Request), Object(Closure))
#58 C:/Users/user/Documents/xamp/htdocs/safari/vendor/laravel/framework/src/Illuminate/Http/Middleware/TrustProxies.php(58): Illuminate/Pipeline/Pipeline->Illuminate/Pipeline/{closure}(Object(Illuminate/Http/Request))
#59 C:/Users/user/Documents/xamp/htdocs/safari/vendor/laravel/framework/src/Illuminate/Pipeline/Pipeline.php(219): Illuminate/Http/Middleware/TrustProxies->handle(Object(Illuminate/Http/Request), Object(Closure))
#60 C:/Users/user/Documents/xamp/htdocs/safari/vendor/laravel/framework/src/Illuminate/Foundation/Http/Middleware/InvokeDeferredCallbacks.php(22): Illuminate/Pipeline/Pipeline->Illuminate/Pipeline/{closure}(Object(Illuminate/Http/Request))
#61 C:/Users/user/Documents/xamp/htdocs/safari/vendor/laravel/framework/src/Illuminate/Pipeline/Pipeline.php(219): Illuminate/Foundation/Http/Middleware/InvokeDeferredCallbacks->handle(Object(Illuminate/Http/Request), Object(Closure))
#62 C:/Users/user/Documents/xamp/htdocs/safari/vendor/laravel/framework/src/Illuminate/Http/Middleware/ValidatePathEncoding.php(26): Illuminate/Pipeline/Pipeline->Illuminate/Pipeline/{closure}(Object(Illuminate/Http/Request))
#63 C:/Users/user/Documents/xamp/htdocs/safari/vendor/laravel/framework/src/Illuminate/Pipeline/Pipeline.php(219): Illuminate/Http/Middleware/ValidatePathEncoding->handle(Object(Illuminate/Http/Request), Object(Closure))
#64 C:/Users/user/Documents/xamp/htdocs/safari/vendor/laravel/framework/src/Illuminate/Pipeline/Pipeline.php(137): Illuminate/Pipeline/Pipeline->Illuminate/Pipeline/{closure}(Object(Illuminate/Http/Request))
#65 C:/Users/user/Documents/xamp/htdocs/safari/vendor/laravel/framework/src/Illuminate/Foundation/Http/Kernel.php(175): Illuminate/Pipeline/Pipeline->then(Object(Closure))
#66 C:/Users/user/Documents/xamp/htdocs/safari/vendor/laravel/framework/src/Illuminate/Foundation/Http/Kernel.php(144): Illuminate/Foundation/Http/Kernel->sendRequestThroughRouter(Object(Illuminate/Http/Request))
#67 C:/Users/user/Documents/xamp/htdocs/safari/vendor/laravel/framework/src/Illuminate/Foundation/Application.php(1220): Illuminate/Foundation/Http/Kernel->handle(Object(Illuminate/Http/Request))
#68 C:/Users/user/Documents/xamp/htdocs/safari/index.php(17): Illuminate/Foundation/Application->handleRequest(Object(Illuminate/Http/Request))
#69 {main}
"} 
[2026-08-05 22:47:37] production.ERROR: SQLSTATE[42S22]: Column not found: 1054 Unknown column 'quotations.request_id' in 'where clause' (Connection: mysql, Host: 127.0.0.1, Port: 3306, Database: safari_management, SQL: select `quotations`.*, `proposal_workflows`.`country`, `proposal_workflows`.`quotation_checked_at`, `proposal_workflows`.`leader_checked_at`, `proposal_workflows`.`seller_id`, `preconfirmed_users`.`name` as `preconfirmed_by_name`, `reservation_people`.`reservation_person` from `quotations` left join `proposal_workflows` on `proposal_workflows`.`quotation_id` = `quotations`.`id` left join `users` as `preconfirmed_users` on `preconfirmed_users`.`id` = `quotations`.`pre_confirmed_by` left join (select `quotation_id`, MAX(assigned_person) as reservation_person from `reservations` group by `quotation_id`) as `reservation_people` on `reservation_people`.`quotation_id` = `quotations`.`id` where (`quotations`.`request_id` = 10 or `quotations`.`id` is null) order by `quotations`.`updated_at` desc) {"userId":2,"exception":"[object] (Illuminate\\Database\\QueryException(code: 42S22): SQLSTATE[42S22]: Column not found: 1054 Unknown column 'quotations.request_id' in 'where clause' (Connection: mysql, Host: 127.0.0.1, Port: 3306, Database: safari_management, SQL: select `quotations`.*, `proposal_workflows`.`country`, `proposal_workflows`.`quotation_checked_at`, `proposal_workflows`.`leader_checked_at`, `proposal_workflows`.`seller_id`, `preconfirmed_users`.`name` as `preconfirmed_by_name`, `reservation_people`.`reservation_person` from `quotations` left join `proposal_workflows` on `proposal_workflows`.`quotation_id` = `quotations`.`id` left join `users` as `preconfirmed_users` on `preconfirmed_users`.`id` = `quotations`.`pre_confirmed_by` left join (select `quotation_id`, MAX(assigned_person) as reservation_person from `reservations` group by `quotation_id`) as `reservation_people` on `reservation_people`.`quotation_id` = `quotations`.`id` where (`quotations`.`request_id` = 10 or `quotations`.`id` is null) order by `quotations`.`updated_at` desc) at C:/Users/user/Documents/xamp/htdocs/safari/vendor/laravel/framework/src/Illuminate/Database/Connection.php:838)
[stacktrace]
#0 C:/Users/user/Documents/xamp/htdocs/safari/vendor/laravel/framework/src/Illuminate/Database/Connection.php(794): Illuminate/Database/Connection->runQueryCallback('select `quotati...', Array, Object(Closure))
#1 C:/Users/user/Documents/xamp/htdocs/safari/vendor/laravel/framework/src/Illuminate/Database/Connection.php(411): Illuminate/Database/Connection->run('select `quotati...', Array, Object(Closure))
#2 C:/Users/user/Documents/xamp/htdocs/safari/vendor/laravel/framework/src/Illuminate/Database/Query/Builder.php(3505): Illuminate/Database/Connection->select('select `quotati...', Array, true)
#3 C:/Users/user/Documents/xamp/htdocs/safari/vendor/laravel/framework/src/Illuminate/Database/Query/Builder.php(3490): Illuminate/Database/Query/Builder->runSelect()
#4 C:/Users/user/Documents/xamp/htdocs/safari/vendor/laravel/framework/src/Illuminate/Database/Query/Builder.php(4080): Illuminate/Database/Query/Builder->Illuminate/Database/Query/{closure}()
#5 C:/Users/user/Documents/xamp/htdocs/safari/vendor/laravel/framework/src/Illuminate/Database/Query/Builder.php(3489): Illuminate/Database/Query/Builder->onceWithColumns(Array, Object(Closure))
#6 C:/Users/user/Documents/xamp/htdocs/safari/app/Http/Controllers/RequestController.php(245): Illuminate/Database/Query/Builder->get()
#7 C:/Users/user/Documents/xamp/htdocs/safari/app/Http/Controllers/RequestController.php(105): App/Http/Controllers/RequestController->proposalsForRequest(Object(App/Models/Request))
#8 C:/Users/user/Documents/xamp/htdocs/safari/vendor/laravel/framework/src/Illuminate/Routing/ControllerDispatcher.php(46): App/Http/Controllers/RequestController->show(10)
#9 C:/Users/user/Documents/xamp/htdocs/safari/vendor/laravel/framework/src/Illuminate/Routing/Route.php(265): Illuminate/Routing/ControllerDispatcher->dispatch(Object(Illuminate/Routing/Route), Object(App/Http/Controllers/RequestController), 'show')
#10 C:/Users/user/Documents/xamp/htdocs/safari/vendor/laravel/framework/src/Illuminate/Routing/Route.php(211): Illuminate/Routing/Route->runController()
#11 C:/Users/user/Documents/xamp/htdocs/safari/vendor/laravel/framework/src/Illuminate/Routing/Router.php(822): Illuminate/Routing/Route->run()
#12 C:/Users/user/Documents/xamp/htdocs/safari/vendor/laravel/framework/src/Illuminate/Pipeline/Pipeline.php(180): Illuminate/Routing/Router->Illuminate/Routing/{closure}(Object(Illuminate/Http/Request))
#13 C:/Users/user/Documents/xamp/htdocs/safari/app/Http/Middleware/SetLocale.php(21): Illuminate/Pipeline/Pipeline->Illuminate/Pipeline/{closure}(Object(Illuminate/Http/Request))
#14 C:/Users/user/Documents/xamp/htdocs/safari/vendor/laravel/framework/src/Illuminate/Pipeline/Pipeline.php(219): App/Http/Middleware/SetLocale->handle(Object(Illuminate/Http/Request), Object(Closure))
#15 C:/Users/user/Documents/xamp/htdocs/safari/vendor/laravel/framework/src/Illuminate/Routing/Middleware/SubstituteBindings.php(50): Illuminate/Pipeline/Pipeline->Illuminate/Pipeline/{closure}(Object(Illuminate/Http/Request))
#16 C:/Users/user/Documents/xamp/htdocs/safari/vendor/laravel/framework/src/Illuminate/Pipeline/Pipeline.php(219): Illuminate/Routing/Middleware/SubstituteBindings->handle(Object(Illuminate/Http/Request), Object(Closure))
#17 C:/Users/user/Documents/xamp/htdocs/safari/vendor/laravel/framework/src/Illuminate/Auth/Middleware/Authenticate.php(63): Illuminate/Pipeline/Pipeline->Illuminate/Pipeline/{closure}(Object(Illuminate/Http/Request))
#18 C:/Users/user/Documents/xamp/htdocs/safari/vendor/laravel/framework/src/Illuminate/Pipeline/Pipeline.php(219): Illuminate/Auth/Middleware/Authenticate->handle(Object(Illuminate/Http/Request), Object(Closure))
#19 C:/Users/user/Documents/xamp/htdocs/safari/vendor/laravel/framework/src/Illuminate/Foundation/Http/Middleware/VerifyCsrfToken.php(87): Illuminate/Pipeline/Pipeline->Illuminate/Pipeline/{closure}(Object(Illuminate/Http/Request))
#20 C:/Users/user/Documents/xamp/htdocs/safari/vendor/laravel/framework/src/Illuminate/Pipeline/Pipeline.php(219): Illuminate/Foundation/Http/Middleware/VerifyCsrfToken->handle(Object(Illuminate/Http/Request), Object(Closure))
#21 C:/Users/user/Documents/xamp/htdocs/safari/vendor/laravel/framework/src/Illuminate/View/Middleware/ShareErrorsFromSession.php(48): Illuminate/Pipeline/Pipeline->Illuminate/Pipeline/{closure}(Object(Illuminate/Http/Request))
#22 C:/Users/user/Documents/xamp/htdocs/safari/vendor/laravel/framework/src/Illuminate/Pipeline/Pipeline.php(219): Illuminate/View/Middleware/ShareErrorsFromSession->handle(Object(Illuminate/Http/Request), Object(Closure))
#23 C:/Users/user/Documents/xamp/htdocs/safari/vendor/laravel/framework/src/Illuminate/Session/Middleware/StartSession.php(120): Illuminate/Pipeline/Pipeline->Illuminate/Pipeline/{closure}(Object(Illuminate/Http/Request))
#24 C:/Users/user/Documents/xamp/htdocs/safari/vendor/laravel/framework/src/Illuminate/Session/Middleware/StartSession.php(63): Illuminate/Session/Middleware/StartSession->handleStatefulRequest(Object(Illuminate/Http/Request), Object(Illuminate/Session/Store), Object(Closure))
#25 C:/Users/user/Documents/xamp/htdocs/safari/vendor/laravel/framework/src/Illuminate/Pipeline/Pipeline.php(219): Illuminate/Session/Middleware/StartSession->handle(Object(Illuminate/Http/Request), Object(Closure))
#26 C:/Users/user/Documents/xamp/htdocs/safari/vendor/laravel/framework/src/Illuminate/Cookie/Middleware/AddQueuedCookiesToResponse.php(36): Illuminate/Pipeline/Pipeline->Illuminate/Pipeline/{closure}(Object(Illuminate/Http/Request))
#27 C:/Users/user/Documents/xamp/htdocs/safari/vendor/laravel/framework/src/Illuminate/Pipeline/Pipeline.php(219): Illuminate/Cookie/Middleware/AddQueuedCookiesToResponse->handle(Object(Illuminate/Http/Request), Object(Closure))
#28 C:/Users/user/Documents/xamp/htdocs/safari/vendor/laravel/framework/src/Illuminate/Cookie/Middleware/EncryptCookies.php(74): Illuminate/Pipeline/Pipeline->Illuminate/Pipeline/{closure}(Object(Illuminate/Http/Request))
#29 C:/Users/user/Documents/xamp/htdocs/safari/vendor/laravel/framework/src/Illuminate/Pipeline/Pipeline.php(219): Illuminate/Cookie/Middleware/EncryptCookies->handle(Object(Illuminate/Http/Request), Object(Closure))
#30 C:/Users/user/Documents/xamp/htdocs/safari/vendor/laravel/framework/src/Illuminate/Pipeline/Pipeline.php(137): Illuminate/Pipeline/Pipeline->Illuminate/Pipeline/{closure}(Object(Illuminate/Http/Request))
#31 C:/Users/user/Documents/xamp/htdocs/safari/vendor/laravel/framework/src/Illuminate/Routing/Router.php(821): Illuminate/Pipeline/Pipeline->then(Object(Closure))
#32 C:/Users/user/Documents/xamp/htdocs/safari/vendor/laravel/framework/src/Illuminate/Routing/Router.php(800): Illuminate/Routing/Router->runRouteWithinStack(Object(Illuminate/Routing/Route), Object(Illuminate/Http/Request))
#33 C:/Users/user/Documents/xamp/htdocs/safari/vendor/laravel/framework/src/Illuminate/Routing/Router.php(764): Illuminate/Routing/Router->runRoute(Object(Illuminate/Http/Request), Object(Illuminate/Routing/Route))
#34 C:/Users/user/Documents/xamp/htdocs/safari/vendor/laravel/framework/src/Illuminate/Routing/Router.php(753): Illuminate/Routing/Router->dispatchToRoute(Object(Illuminate/Http/Request))
#35 C:/Users/user/Documents/xamp/htdocs/safari/vendor/laravel/framework/src/Illuminate/Foundation/Http/Kernel.php(200): Illuminate/Routing/Router->dispatch(Object(Illuminate/Http/Request))
#36 C:/Users/user/Documents/xamp/htdocs/safari/vendor/laravel/framework/src/Illuminate/Pipeline/Pipeline.php(180): Illuminate/Foundation/Http/Kernel->Illuminate/Foundation/Http/{closure}(Object(Illuminate/Http/Request))
#37 C:/Users/user/Documents/xamp/htdocs/safari/vendor/laravel/framework/src/Illuminate/Foundation/Http/Middleware/TransformsRequest.php(21): Illuminate/Pipeline/Pipeline->Illuminate/Pipeline/{closure}(Object(Illuminate/Http/Request))
#38 C:/Users/user/Documents/xamp/htdocs/safari/vendor/laravel/framework/src/Illuminate/Foundation/Http/Middleware/ConvertEmptyStringsToNull.php(31): Illuminate/Foundation/Http/Middleware/TransformsRequest->handle(Object(Illuminate/Http/Request), Object(Closure))
#39 C:/Users/user/Documents/xamp/htdocs/safari/vendor/laravel/framework/src/Illuminate/Pipeline/Pipeline.php(219): Illuminate/Foundation/Http/Middleware/ConvertEmptyStringsToNull->handle(Object(Illuminate/Http/Request), Object(Closure))
#40 C:/Users/user/Documents/xamp/htdocs/safari/vendor/laravel/framework/src/Illuminate/Foundation/Http/Middleware/TransformsRequest.php(21): Illuminate/Pipeline/Pipeline->Illuminate/Pipeline/{closure}(Object(Illuminate/Http/Request))
#41 C:/Users/user/Documents/xamp/htdocs/safari/vendor/laravel/framework/src/Illuminate/Foundation/Http/Middleware/TrimStrings.php(51): Illuminate/Foundation/Http/Middleware/TransformsRequest->handle(Object(Illuminate/Http/Request), Object(Closure))
#42 C:/Users/user/Documents/xamp/htdocs/safari/vendor/laravel/framework/src/Illuminate/Pipeline/Pipeline.php(219): Illuminate/Foundation/Http/Middleware/TrimStrings->handle(Object(Illuminate/Http/Request), Object(Closure))
#43 C:/Users/user/Documents/xamp/htdocs/safari/vendor/laravel/framework/src/Illuminate/Http/Middleware/ValidatePostSize.php(27): Illuminate/Pipeline/Pipeline->Illuminate/Pipeline/{closure}(Object(Illuminate/Http/Request))
#44 C:/Users/user/Documents/xamp/htdocs/safari/vendor/laravel/framework/src/Illuminate/Pipeline/Pipeline.php(219): Illuminate/Http/Middleware/ValidatePostSize->handle(Object(Illuminate/Http/Request), Object(Closure))
#45 C:/Users/user/Documents/xamp/htdocs/safari/vendor/laravel/framework/src/Illuminate/Foundation/Http/Middleware/PreventRequestsDuringMaintenance.php(109): Illuminate/Pipeline/Pipeline->Illuminate/Pipeline/{closure}(Object(Illuminate/Http/Request))
#46 C:/Users/user/Documents/xamp/htdocs/safari/vendor/laravel/framework/src/Illuminate/Pipeline/Pipeline.php(219): Illuminate/Foundation/Http/Middleware/PreventRequestsDuringMaintenance->handle(Object(Illuminate/Http/Request), Object(Closure))
#47 C:/Users/user/Documents/xamp/htdocs/safari/vendor/laravel/framework/src/Illuminate/Http/Middleware/HandleCors.php(61): Illuminate/Pipeline/Pipeline->Illuminate/Pipeline/{closure}(Object(Illuminate/Http/Request))
#48 C:/Users/user/Documents/xamp/htdocs/safari/vendor/laravel/framework/src/Illuminate/Pipeline/Pipeline.php(219): Illuminate/Http/Middleware/HandleCors->handle(Object(Illuminate/Http/Request), Object(Closure))
#49 C:/Users/user/Documents/xamp/htdocs/safari/vendor/laravel/framework/src/Illuminate/Http/Middleware/TrustProxies.php(58): Illuminate/Pipeline/Pipeline->Illuminate/Pipeline/{closure}(Object(Illuminate/Http/Request))
#50 C:/Users/user/Documents/xamp/htdocs/safari/vendor/laravel/framework/src/Illuminate/Pipeline/Pipeline.php(219): Illuminate/Http/Middleware/TrustProxies->handle(Object(Illuminate/Http/Request), Object(Closure))
#51 C:/Users/user/Documents/xamp/htdocs/safari/vendor/laravel/framework/src/Illuminate/Foundation/Http/Middleware/InvokeDeferredCallbacks.php(22): Illuminate/Pipeline/Pipeline->Illuminate/Pipeline/{closure}(Object(Illuminate/Http/Request))
#52 C:/Users/user/Documents/xamp/htdocs/safari/vendor/laravel/framework/src/Illuminate/Pipeline/Pipeline.php(219): Illuminate/Foundation/Http/Middleware/InvokeDeferredCallbacks->handle(Object(Illuminate/Http/Request), Object(Closure))
#53 C:/Users/user/Documents/xamp/htdocs/safari/vendor/laravel/framework/src/Illuminate/Http/Middleware/ValidatePathEncoding.php(26): Illuminate/Pipeline/Pipeline->Illuminate/Pipeline/{closure}(Object(Illuminate/Http/Request))
#54 C:/Users/user/Documents/xamp/htdocs/safari/vendor/laravel/framework/src/Illuminate/Pipeline/Pipeline.php(219): Illuminate/Http/Middleware/ValidatePathEncoding->handle(Object(Illuminate/Http/Request), Object(Closure))
#55 C:/Users/user/Documents/xamp/htdocs/safari/vendor/laravel/framework/src/Illuminate/Pipeline/Pipeline.php(137): Illuminate/Pipeline/Pipeline->Illuminate/Pipeline/{closure}(Object(Illuminate/Http/Request))
#56 C:/Users/user/Documents/xamp/htdocs/safari/vendor/laravel/framework/src/Illuminate/Foundation/Http/Kernel.php(175): Illuminate/Pipeline/Pipeline->then(Object(Closure))
#57 C:/Users/user/Documents/xamp/htdocs/safari/vendor/laravel/framework/src/Illuminate/Foundation/Http/Kernel.php(144): Illuminate/Foundation/Http/Kernel->sendRequestThroughRouter(Object(Illuminate/Http/Request))
#58 C:/Users/user/Documents/xamp/htdocs/safari/vendor/laravel/framework/src/Illuminate/Foundation/Application.php(1220): Illuminate/Foundation/Http/Kernel->handle(Object(Illuminate/Http/Request))
#59 C:/Users/user/Documents/xamp/htdocs/safari/index.php(17): Illuminate/Foundation/Application->handleRequest(Object(Illuminate/Http/Request))
#60 {main}

[previous exception] [object] (PDOException(code: 42S22): SQLSTATE[42S22]: Column not found: 1054 Unknown column 'quotations.request_id' in 'where clause' at C:/Users/user/Documents/xamp/htdocs/safari/vendor/laravel/framework/src/Illuminate/Database/Connection.php:420)
[stacktrace]
#0 C:/Users/user/Documents/xamp/htdocs/safari/vendor/laravel/framework/src/Illuminate/Database/Connection.php(420): PDO->prepare('select `quotati...')
#1 C:/Users/user/Documents/xamp/htdocs/safari/vendor/laravel/framework/src/Illuminate/Database/Connection.php(827): Illuminate/Database/Connection->Illuminate/Database/{closure}('select `quotati...', Array)
#2 C:/Users/user/Documents/xamp/htdocs/safari/vendor/laravel/framework/src/Illuminate/Database/Connection.php(794): Illuminate/Database/Connection->runQueryCallback('select `quotati...', Array, Object(Closure))
#3 C:/Users/user/Documents/xamp/htdocs/safari/vendor/laravel/framework/src/Illuminate/Database/Connection.php(411): Illuminate/Database/Connection->run('select `quotati...', Array, Object(Closure))
#4 C:/Users/user/Documents/xamp/htdocs/safari/vendor/laravel/framework/src/Illuminate/Database/Query/Builder.php(3505): Illuminate/Database/Connection->select('select `quotati...', Array, true)
#5 C:/Users/user/Documents/xamp/htdocs/safari/vendor/laravel/framework/src/Illuminate/Database/Query/Builder.php(3490): Illuminate/Database/Query/Builder->runSelect()
#6 C:/Users/user/Documents/xamp/htdocs/safari/vendor/laravel/framework/src/Illuminate/Database/Query/Builder.php(4080): Illuminate/Database/Query/Builder->Illuminate/Database/Query/{closure}()
#7 C:/Users/user/Documents/xamp/htdocs/safari/vendor/laravel/framework/src/Illuminate/Database/Query/Builder.php(3489): Illuminate/Database/Query/Builder->onceWithColumns(Array, Object(Closure))
#8 C:/Users/user/Documents/xamp/htdocs/safari/app/Http/Controllers/RequestController.php(245): Illuminate/Database/Query/Builder->get()
#9 C:/Users/user/Documents/xamp/htdocs/safari/app/Http/Controllers/RequestController.php(105): App/Http/Controllers/RequestController->proposalsForRequest(Object(App/Models/Request))
#10 C:/Users/user/Documents/xamp/htdocs/safari/vendor/laravel/framework/src/Illuminate/Routing/ControllerDispatcher.php(46): App/Http/Controllers/RequestController->show(10)
#11 C:/Users/user/Documents/xamp/htdocs/safari/vendor/laravel/framework/src/Illuminate/Routing/Route.php(265): Illuminate/Routing/ControllerDispatcher->dispatch(Object(Illuminate/Routing/Route), Object(App/Http/Controllers/RequestController), 'show')
#12 C:/Users/user/Documents/xamp/htdocs/safari/vendor/laravel/framework/src/Illuminate/Routing/Route.php(211): Illuminate/Routing/Route->runController()
#13 C:/Users/user/Documents/xamp/htdocs/safari/vendor/laravel/framework/src/Illuminate/Routing/Router.php(822): Illuminate/Routing/Route->run()
#14 C:/Users/user/Documents/xamp/htdocs/safari/vendor/laravel/framework/src/Illuminate/Pipeline/Pipeline.php(180): Illuminate/Routing/Router->Illuminate/Routing/{closure}(Object(Illuminate/Http/Request))
#15 C:/Users/user/Documents/xamp/htdocs/safari/app/Http/Middleware/SetLocale.php(21): Illuminate/Pipeline/Pipeline->Illuminate/Pipeline/{closure}(Object(Illuminate/Http/Request))
#16 C:/Users/user/Documents/xamp/htdocs/safari/vendor/laravel/framework/src/Illuminate/Pipeline/Pipeline.php(219): App/Http/Middleware/SetLocale->handle(Object(Illuminate/Http/Request), Object(Closure))
#17 C:/Users/user/Documents/xamp/htdocs/safari/vendor/laravel/framework/src/Illuminate/Routing/Middleware/SubstituteBindings.php(50): Illuminate/Pipeline/Pipeline->Illuminate/Pipeline/{closure}(Object(Illuminate/Http/Request))
#18 C:/Users/user/Documents/xamp/htdocs/safari/vendor/laravel/framework/src/Illuminate/Pipeline/Pipeline.php(219): Illuminate/Routing/Middleware/SubstituteBindings->handle(Object(Illuminate/Http/Request), Object(Closure))
#19 C:/Users/user/Documents/xamp/htdocs/safari/vendor/laravel/framework/src/Illuminate/Auth/Middleware/Authenticate.php(63): Illuminate/Pipeline/Pipeline->Illuminate/Pipeline/{closure}(Object(Illuminate/Http/Request))
#20 C:/Users/user/Documents/xamp/htdocs/safari/vendor/laravel/framework/src/Illuminate/Pipeline/Pipeline.php(219): Illuminate/Auth/Middleware/Authenticate->handle(Object(Illuminate/Http/Request), Object(Closure))
#21 C:/Users/user/Documents/xamp/htdocs/safari/vendor/laravel/framework/src/Illuminate/Foundation/Http/Middleware/VerifyCsrfToken.php(87): Illuminate/Pipeline/Pipeline->Illuminate/Pipeline/{closure}(Object(Illuminate/Http/Request))
#22 C:/Users/user/Documents/xamp/htdocs/safari/vendor/laravel/framework/src/Illuminate/Pipeline/Pipeline.php(219): Illuminate/Foundation/Http/Middleware/VerifyCsrfToken->handle(Object(Illuminate/Http/Request), Object(Closure))
#23 C:/Users/user/Documents/xamp/htdocs/safari/vendor/laravel/framework/src/Illuminate/View/Middleware/ShareErrorsFromSession.php(48): Illuminate/Pipeline/Pipeline->Illuminate/Pipeline/{closure}(Object(Illuminate/Http/Request))
#24 C:/Users/user/Documents/xamp/htdocs/safari/vendor/laravel/framework/src/Illuminate/Pipeline/Pipeline.php(219): Illuminate/View/Middleware/ShareErrorsFromSession->handle(Object(Illuminate/Http/Request), Object(Closure))
#25 C:/Users/user/Documents/xamp/htdocs/safari/vendor/laravel/framework/src/Illuminate/Session/Middleware/StartSession.php(120): Illuminate/Pipeline/Pipeline->Illuminate/Pipeline/{closure}(Object(Illuminate/Http/Request))
#26 C:/Users/user/Documents/xamp/htdocs/safari/vendor/laravel/framework/src/Illuminate/Session/Middleware/StartSession.php(63): Illuminate/Session/Middleware/StartSession->handleStatefulRequest(Object(Illuminate/Http/Request), Object(Illuminate/Session/Store), Object(Closure))
#27 C:/Users/user/Documents/xamp/htdocs/safari/vendor/laravel/framework/src/Illuminate/Pipeline/Pipeline.php(219): Illuminate/Session/Middleware/StartSession->handle(Object(Illuminate/Http/Request), Object(Closure))
#28 C:/Users/user/Documents/xamp/htdocs/safari/vendor/laravel/framework/src/Illuminate/Cookie/Middleware/AddQueuedCookiesToResponse.php(36): Illuminate/Pipeline/Pipeline->Illuminate/Pipeline/{closure}(Object(Illuminate/Http/Request))
#29 C:/Users/user/Documents/xamp/htdocs/safari/vendor/laravel/framework/src/Illuminate/Pipeline/Pipeline.php(219): Illuminate/Cookie/Middleware/AddQueuedCookiesToResponse->handle(Object(Illuminate/Http/Request), Object(Closure))
#30 C:/Users/user/Documents/xamp/htdocs/safari/vendor/laravel/framework/src/Illuminate/Cookie/Middleware/EncryptCookies.php(74): Illuminate/Pipeline/Pipeline->Illuminate/Pipeline/{closure}(Object(Illuminate/Http/Request))
#31 C:/Users/user/Documents/xamp/htdocs/safari/vendor/laravel/framework/src/Illuminate/Pipeline/Pipeline.php(219): Illuminate/Cookie/Middleware/EncryptCookies->handle(Object(Illuminate/Http/Request), Object(Closure))
#32 C:/Users/user/Documents/xamp/htdocs/safari/vendor/laravel/framework/src/Illuminate/Pipeline/Pipeline.php(137): Illuminate/Pipeline/Pipeline->Illuminate/Pipeline/{closure}(Object(Illuminate/Http/Request))
#33 C:/Users/user/Documents/xamp/htdocs/safari/vendor/laravel/framework/src/Illuminate/Routing/Router.php(821): Illuminate/Pipeline/Pipeline->then(Object(Closure))
#34 C:/Users/user/Documents/xamp/htdocs/safari/vendor/laravel/framework/src/Illuminate/Routing/Router.php(800): Illuminate/Routing/Router->runRouteWithinStack(Object(Illuminate/Routing/Route), Object(Illuminate/Http/Request))
#35 C:/Users/user/Documents/xamp/htdocs/safari/vendor/laravel/framework/src/Illuminate/Routing/Router.php(764): Illuminate/Routing/Router->runRoute(Object(Illuminate/Http/Request), Object(Illuminate/Routing/Route))
#36 C:/Users/user/Documents/xamp/htdocs/safari/vendor/laravel/framework/src/Illuminate/Routing/Router.php(753): Illuminate/Routing/Router->dispatchToRoute(Object(Illuminate/Http/Request))
#37 C:/Users/user/Documents/xamp/htdocs/safari/vendor/laravel/framework/src/Illuminate/Foundation/Http/Kernel.php(200): Illuminate/Routing/Router->dispatch(Object(Illuminate/Http/Request))
#38 C:/Users/user/Documents/xamp/htdocs/safari/vendor/laravel/framework/src/Illuminate/Pipeline/Pipeline.php(180): Illuminate/Foundation/Http/Kernel->Illuminate/Foundation/Http/{closure}(Object(Illuminate/Http/Request))
#39 C:/Users/user/Documents/xamp/htdocs/safari/vendor/laravel/framework/src/Illuminate/Foundation/Http/Middleware/TransformsRequest.php(21): Illuminate/Pipeline/Pipeline->Illuminate/Pipeline/{closure}(Object(Illuminate/Http/Request))
#40 C:/Users/user/Documents/xamp/htdocs/safari/vendor/laravel/framework/src/Illuminate/Foundation/Http/Middleware/ConvertEmptyStringsToNull.php(31): Illuminate/Foundation/Http/Middleware/TransformsRequest->handle(Object(Illuminate/Http/Request), Object(Closure))
#41 C:/Users/user/Documents/xamp/htdocs/safari/vendor/laravel/framework/src/Illuminate/Pipeline/Pipeline.php(219): Illuminate/Foundation/Http/Middleware/ConvertEmptyStringsToNull->handle(Object(Illuminate/Http/Request), Object(Closure))
#42 C:/Users/user/Documents/xamp/htdocs/safari/vendor/laravel/framework/src/Illuminate/Foundation/Http/Middleware/TransformsRequest.php(21): Illuminate/Pipeline/Pipeline->Illuminate/Pipeline/{closure}(Object(Illuminate/Http/Request))
#43 C:/Users/user/Documents/xamp/htdocs/safari/vendor/laravel/framework/src/Illuminate/Foundation/Http/Middleware/TrimStrings.php(51): Illuminate/Foundation/Http/Middleware/TransformsRequest->handle(Object(Illuminate/Http/Request), Object(Closure))
#44 C:/Users/user/Documents/xamp/htdocs/safari/vendor/laravel/framework/src/Illuminate/Pipeline/Pipeline.php(219): Illuminate/Foundation/Http/Middleware/TrimStrings->handle(Object(Illuminate/Http/Request), Object(Closure))
#45 C:/Users/user/Documents/xamp/htdocs/safari/vendor/laravel/framework/src/Illuminate/Http/Middleware/ValidatePostSize.php(27): Illuminate/Pipeline/Pipeline->Illuminate/Pipeline/{closure}(Object(Illuminate/Http/Request))
#46 C:/Users/user/Documents/xamp/htdocs/safari/vendor/laravel/framework/src/Illuminate/Pipeline/Pipeline.php(219): Illuminate/Http/Middleware/ValidatePostSize->handle(Object(Illuminate/Http/Request), Object(Closure))
#47 C:/Users/user/Documents/xamp/htdocs/safari/vendor/laravel/framework/src/Illuminate/Foundation/Http/Middleware/PreventRequestsDuringMaintenance.php(109): Illuminate/Pipeline/Pipeline->Illuminate/Pipeline/{closure}(Object(Illuminate/Http/Request))
#48 C:/Users/user/Documents/xamp/htdocs/safari/vendor/laravel/framework/src/Illuminate/Pipeline/Pipeline.php(219): Illuminate/Foundation/Http/Middleware/PreventRequestsDuringMaintenance->handle(Object(Illuminate/Http/Request), Object(Closure))
#49 C:/Users/user/Documents/xamp/htdocs/safari/vendor/laravel/framework/src/Illuminate/Http/Middleware/HandleCors.php(61): Illuminate/Pipeline/Pipeline->Illuminate/Pipeline/{closure}(Object(Illuminate/Http/Request))
#50 C:/Users/user/Documents/xamp/htdocs/safari/vendor/laravel/framework/src/Illuminate/Pipeline/Pipeline.php(219): Illuminate/Http/Middleware/HandleCors->handle(Object(Illuminate/Http/Request), Object(Closure))
#51 C:/Users/user/Documents/xamp/htdocs/safari/vendor/laravel/framework/src/Illuminate/Http/Middleware/TrustProxies.php(58): Illuminate/Pipeline/Pipeline->Illuminate/Pipeline/{closure}(Object(Illuminate/Http/Request))
#52 C:/Users/user/Documents/xamp/htdocs/safari/vendor/laravel/framework/src/Illuminate/Pipeline/Pipeline.php(219): Illuminate/Http/Middleware/TrustProxies->handle(Object(Illuminate/Http/Request), Object(Closure))
#53 C:/Users/user/Documents/xamp/htdocs/safari/vendor/laravel/framework/src/Illuminate/Foundation/Http/Middleware/InvokeDeferredCallbacks.php(22): Illuminate/Pipeline/Pipeline->Illuminate/Pipeline/{closure}(Object(Illuminate/Http/Request))
#54 C:/Users/user/Documents/xamp/htdocs/safari/vendor/laravel/framework/src/Illuminate/Pipeline/Pipeline.php(219): Illuminate/Foundation/Http/Middleware/InvokeDeferredCallbacks->handle(Object(Illuminate/Http/Request), Object(Closure))
#55 C:/Users/user/Documents/xamp/htdocs/safari/vendor/laravel/framework/src/Illuminate/Http/Middleware/ValidatePathEncoding.php(26): Illuminate/Pipeline/Pipeline->Illuminate/Pipeline/{closure}(Object(Illuminate/Http/Request))
#56 C:/Users/user/Documents/xamp/htdocs/safari/vendor/laravel/framework/src/Illuminate/Pipeline/Pipeline.php(219): Illuminate/Http/Middleware/ValidatePathEncoding->handle(Object(Illuminate/Http/Request), Object(Closure))
#57 C:/Users/user/Documents/xamp/htdocs/safari/vendor/laravel/framework/src/Illuminate/Pipeline/Pipeline.php(137): Illuminate/Pipeline/Pipeline->Illuminate/Pipeline/{closure}(Object(Illuminate/Http/Request))
#58 C:/Users/user/Documents/xamp/htdocs/safari/vendor/laravel/framework/src/Illuminate/Foundation/Http/Kernel.php(175): Illuminate/Pipeline/Pipeline->then(Object(Closure))
#59 C:/Users/user/Documents/xamp/htdocs/safari/vendor/laravel/framework/src/Illuminate/Foundation/Http/Kernel.php(144): Illuminate/Foundation/Http/Kernel->sendRequestThroughRouter(Object(Illuminate/Http/Request))
#60 C:/Users/user/Documents/xamp/htdocs/safari/vendor/laravel/framework/src/Illuminate/Foundation/Application.php(1220): Illuminate/Foundation/Http/Kernel->handle(Object(Illuminate/Http/Request))
#61 C:/Users/user/Documents/xamp/htdocs/safari/index.php(17): Illuminate/Foundation/Application->handleRequest(Object(Illuminate/Http/Request))
#62 {main}
"} 
[2026-08-05 23:16:27] production.ERROR: PHP Parse error: Syntax error, unexpected T_VARIABLE on line 1 {"exception":"[object] (Psy\\Exception\\ParseErrorException(code: 0): PHP Parse error: Syntax error, unexpected T_VARIABLE on line 1 at C:/Users/user/Documents/xamp/htdocs/safari/vendor/psy/psysh/src/Exception/ParseErrorException.php:44)
[stacktrace]
#0 C:/Users/user/Documents/xamp/htdocs/safari/vendor/psy/psysh/src/CodeCleaner.php(657): Psy/Exception/ParseErrorException::fromParseError(Object(PhpParser/Error))
#1 C:/Users/user/Documents/xamp/htdocs/safari/vendor/psy/psysh/src/CodeCleaner.php(273): Psy/CodeCleaner->parse('<?php `$c = app...', false)
#2 C:/Users/user/Documents/xamp/htdocs/safari/vendor/psy/psysh/src/Shell.php(1364): Psy/CodeCleaner->clean(Array, false)
#3 C:/Users/user/Documents/xamp/htdocs/safari/vendor/psy/psysh/src/Shell.php(1471): Psy/Shell->appendCode('`$c = app(App//H...', true, false)
#4 C:/Users/user/Documents/xamp/htdocs/safari/vendor/psy/psysh/src/Shell.php(2180): Psy/Shell->setCode('`$c = app(App//H...', true)
#5 C:/Users/user/Documents/xamp/htdocs/safari/vendor/laravel/tinker/src/Console/TinkerCommand.php(77): Psy/Shell->execute('`$c = app(App//H...')
#6 C:/Users/user/Documents/xamp/htdocs/safari/vendor/laravel/framework/src/Illuminate/Container/BoundMethod.php(36): Laravel/Tinker/Console/TinkerCommand->handle()
#7 C:/Users/user/Documents/xamp/htdocs/safari/vendor/laravel/framework/src/Illuminate/Container/Util.php(43): Illuminate/Container/BoundMethod::Illuminate/Container/{closure}()
#8 C:/Users/user/Documents/xamp/htdocs/safari/vendor/laravel/framework/src/Illuminate/Container/BoundMethod.php(96): Illuminate/Container/Util::unwrapIfClosure(Object(Closure))
#9 C:/Users/user/Documents/xamp/htdocs/safari/vendor/laravel/framework/src/Illuminate/Container/BoundMethod.php(35): Illuminate/Container/BoundMethod::callBoundMethod(Object(Illuminate/Foundation/Application), Array, Object(Closure))
#10 C:/Users/user/Documents/xamp/htdocs/safari/vendor/laravel/framework/src/Illuminate/Container/Container.php(799): Illuminate/Container/BoundMethod::call(Object(Illuminate/Foundation/Application), Array, Array, NULL)
#11 C:/Users/user/Documents/xamp/htdocs/safari/vendor/laravel/framework/src/Illuminate/Console/Command.php(211): Illuminate/Container/Container->call(Array)
#12 C:/Users/user/Documents/xamp/htdocs/safari/vendor/symfony/console/Command/Command.php(341): Illuminate/Console/Command->execute(Object(Symfony/Component/Console/Input/ArgvInput), Object(Illuminate/Console/OutputStyle))
#13 C:/Users/user/Documents/xamp/htdocs/safari/vendor/laravel/framework/src/Illuminate/Console/Command.php(180): Symfony/Component/Console/Command/Command->run(Object(Symfony/Component/Console/Input/ArgvInput), Object(Illuminate/Console/OutputStyle))
#14 C:/Users/user/Documents/xamp/htdocs/safari/vendor/symfony/console/Application.php(1117): Illuminate/Console/Command->run(Object(Symfony/Component/Console/Input/ArgvInput), Object(Symfony/Component/Console/Output/ConsoleOutput))
#15 C:/Users/user/Documents/xamp/htdocs/safari/vendor/symfony/console/Application.php(356): Symfony/Component/Console/Application->doRunCommand(Object(Laravel/Tinker/Console/TinkerCommand), Object(Symfony/Component/Console/Input/ArgvInput), Object(Symfony/Component/Console/Output/ConsoleOutput))
#16 C:/Users/user/Documents/xamp/htdocs/safari/vendor/symfony/console/Application.php(195): Symfony/Component/Console/Application->doRun(Object(Symfony/Component/Console/Input/ArgvInput), Object(Symfony/Component/Console/Output/ConsoleOutput))
#17 C:/Users/user/Documents/xamp/htdocs/safari/vendor/laravel/framework/src/Illuminate/Foundation/Console/Kernel.php(198): Symfony/Component/Console/Application->run(Object(Symfony/Component/Console/Input/ArgvInput), Object(Symfony/Component/Console/Output/ConsoleOutput))
#18 C:/Users/user/Documents/xamp/htdocs/safari/vendor/laravel/framework/src/Illuminate/Foundation/Application.php(1235): Illuminate/Foundation/Console/Kernel->handle(Object(Symfony/Component/Console/Input/ArgvInput), Object(Symfony/Component/Console/Output/ConsoleOutput))
#19 C:/Users/user/Documents/xamp/htdocs/safari/artisan(16): Illuminate/Foundation/Application->handleCommand(Object(Symfony/Component/Console/Input/ArgvInput))
#20 {main}
"} 
[2026-08-05 23:16:48] production.ERROR: Undefined variable $errors (View: C:\Users\user\Documents\xamp\htdocs\safari\resources\views\admin\partials\flash.blade.php) (View: C:\Users\user\Documents\xamp\htdocs\safari\resources\views\admin\partials\flash.blade.php) {"exception":"[object] (Illuminate\\View\\ViewException(code: 0): Undefined variable $errors (View: C:\\Users\\user\\Documents\\xamp\\htdocs\\safari\\resources\\views\\admin\\partials\\flash.blade.php) (View: C:\\Users\\user\\Documents\\xamp\\htdocs\\safari\\resources\\views\\admin\\partials\\flash.blade.php) at C:/Users/user/Documents/xamp/htdocs/safari/storage/framework/views/04eb265ebff3d6c9421e5a62a3a01888.php:7)
[stacktrace]
#0 C:/Users/user/Documents/xamp/htdocs/safari/vendor/laravel/framework/src/Illuminate/View/Engines/PhpEngine.php(59): Illuminate/View/Engines/CompilerEngine->handleViewException(Object(Illuminate/View/ViewException), 0)
#1 C:/Users/user/Documents/xamp/htdocs/safari/vendor/laravel/framework/src/Illuminate/View/Engines/CompilerEngine.php(76): Illuminate/View/Engines/PhpEngine->evaluatePath('C://Users//user//D...', Array)
#2 C:/Users/user/Documents/xamp/htdocs/safari/vendor/laravel/framework/src/Illuminate/View/View.php(208): Illuminate/View/Engines/CompilerEngine->get('C://Users//user//D...', Array)
#3 C:/Users/user/Documents/xamp/htdocs/safari/vendor/laravel/framework/src/Illuminate/View/View.php(191): Illuminate/View/View->getContents()
#4 C:/Users/user/Documents/xamp/htdocs/safari/vendor/laravel/framework/src/Illuminate/View/View.php(160): Illuminate/View/View->renderContents()
#5 C:/Users/user/AppData/Local/Temp/opencode/ws_render.php(17): Illuminate/View/View->render()
#6 {main}

[previous exception] [object] (Illuminate\\View\\ViewException(code: 0): Undefined variable $errors (View: C:\\Users\\user\\Documents\\xamp\\htdocs\\safari\\resources\\views\\admin\\partials\\flash.blade.php) at C:/Users/user/Documents/xamp/htdocs/safari/storage/framework/views/04eb265ebff3d6c9421e5a62a3a01888.php:7)
[stacktrace]
#0 C:/Users/user/Documents/xamp/htdocs/safari/vendor/laravel/framework/src/Illuminate/View/Engines/PhpEngine.php(59): Illuminate/View/Engines/CompilerEngine->handleViewException(Object(ErrorException), 2)
#1 C:/Users/user/Documents/xamp/htdocs/safari/vendor/laravel/framework/src/Illuminate/View/Engines/CompilerEngine.php(76): Illuminate/View/Engines/PhpEngine->evaluatePath('C://Users//user//D...', Array)
#2 C:/Users/user/Documents/xamp/htdocs/safari/vendor/laravel/framework/src/Illuminate/View/View.php(208): Illuminate/View/Engines/CompilerEngine->get('C://Users//user//D...', Array)
#3 C:/Users/user/Documents/xamp/htdocs/safari/vendor/laravel/framework/src/Illuminate/View/View.php(191): Illuminate/View/View->getContents()
#4 C:/Users/user/Documents/xamp/htdocs/safari/vendor/laravel/framework/src/Illuminate/View/View.php(160): Illuminate/View/View->renderContents()
#5 C:/Users/user/Documents/xamp/htdocs/safari/storage/framework/views/9e2b605f3653bc4c0b3b124b77e3f4c7.php(68): Illuminate/View/View->render()
#6 C:/Users/user/Documents/xamp/htdocs/safari/vendor/laravel/framework/src/Illuminate/Filesystem/Filesystem.php(123): require('C://Users//user//D...')
#7 C:/Users/user/Documents/xamp/htdocs/safari/vendor/laravel/framework/src/Illuminate/Filesystem/Filesystem.php(124): Illuminate/Filesystem/Filesystem::Illuminate/Filesystem/{closure}()
#8 C:/Users/user/Documents/xamp/htdocs/safari/vendor/laravel/framework/src/Illuminate/View/Engines/PhpEngine.php(57): Illuminate/Filesystem/Filesystem->getRequire('C://Users//user//D...', Array)
#9 C:/Users/user/Documents/xamp/htdocs/safari/vendor/laravel/framework/src/Illuminate/View/Engines/CompilerEngine.php(76): Illuminate/View/Engines/PhpEngine->evaluatePath('C://Users//user//D...', Array)
#10 C:/Users/user/Documents/xamp/htdocs/safari/vendor/laravel/framework/src/Illuminate/View/View.php(208): Illuminate/View/Engines/CompilerEngine->get('C://Users//user//D...', Array)
#11 C:/Users/user/Documents/xamp/htdocs/safari/vendor/laravel/framework/src/Illuminate/View/View.php(191): Illuminate/View/View->getContents()
#12 C:/Users/user/Documents/xamp/htdocs/safari/vendor/laravel/framework/src/Illuminate/View/View.php(160): Illuminate/View/View->renderContents()
#13 C:/Users/user/AppData/Local/Temp/opencode/ws_render.php(17): Illuminate/View/View->render()
#14 {main}

[previous exception] [object] (ErrorException(code: 0): Undefined variable $errors at C:/Users/user/Documents/xamp/htdocs/safari/storage/framework/views/04eb265ebff3d6c9421e5a62a3a01888.php:7)
[stacktrace]
#0 C:/Users/user/Documents/xamp/htdocs/safari/vendor/laravel/framework/src/Illuminate/Foundation/Bootstrap/HandleExceptions.php(262): Illuminate/Foundation/Bootstrap/HandleExceptions->handleError(2, 'Undefined varia...', 'C://Users//user//D...', 7)
#1 C:/Users/user/Documents/xamp/htdocs/safari/storage/framework/views/04eb265ebff3d6c9421e5a62a3a01888.php(7): Illuminate/Foundation/Bootstrap/HandleExceptions->Illuminate/Foundation/Bootstrap/{closure}(2, 'Undefined varia...', 'C://Users//user//D...', 7)
#2 C:/Users/user/Documents/xamp/htdocs/safari/vendor/laravel/framework/src/Illuminate/Filesystem/Filesystem.php(123): require('C://Users//user//D...')
#3 C:/Users/user/Documents/xamp/htdocs/safari/vendor/laravel/framework/src/Illuminate/Filesystem/Filesystem.php(124): Illuminate/Filesystem/Filesystem::Illuminate/Filesystem/{closure}()
#4 C:/Users/user/Documents/xamp/htdocs/safari/vendor/laravel/framework/src/Illuminate/View/Engines/PhpEngine.php(57): Illuminate/Filesystem/Filesystem->getRequire('C://Users//user//D...', Array)
#5 C:/Users/user/Documents/xamp/htdocs/safari/vendor/laravel/framework/src/Illuminate/View/Engines/CompilerEngine.php(76): Illuminate/View/Engines/PhpEngine->evaluatePath('C://Users//user//D...', Array)
#6 C:/Users/user/Documents/xamp/htdocs/safari/vendor/laravel/framework/src/Illuminate/View/View.php(208): Illuminate/View/Engines/CompilerEngine->get('C://Users//user//D...', Array)
#7 C:/Users/user/Documents/xamp/htdocs/safari/vendor/laravel/framework/src/Illuminate/View/View.php(191): Illuminate/View/View->getContents()
#8 C:/Users/user/Documents/xamp/htdocs/safari/vendor/laravel/framework/src/Illuminate/View/View.php(160): Illuminate/View/View->renderContents()
#9 C:/Users/user/Documents/xamp/htdocs/safari/storage/framework/views/9e2b605f3653bc4c0b3b124b77e3f4c7.php(68): Illuminate/View/View->render()
#10 C:/Users/user/Documents/xamp/htdocs/safari/vendor/laravel/framework/src/Illuminate/Filesystem/Filesystem.php(123): require('C://Users//user//D...')
#11 C:/Users/user/Documents/xamp/htdocs/safari/vendor/laravel/framework/src/Illuminate/Filesystem/Filesystem.php(124): Illuminate/Filesystem/Filesystem::Illuminate/Filesystem/{closure}()
#12 C:/Users/user/Documents/xamp/htdocs/safari/vendor/laravel/framework/src/Illuminate/View/Engines/PhpEngine.php(57): Illuminate/Filesystem/Filesystem->getRequire('C://Users//user//D...', Array)
#13 C:/Users/user/Documents/xamp/htdocs/safari/vendor/laravel/framework/src/Illuminate/View/Engines/CompilerEngine.php(76): Illuminate/View/Engines/PhpEngine->evaluatePath('C://Users//user//D...', Array)
#14 C:/Users/user/Documents/xamp/htdocs/safari/vendor/laravel/framework/src/Illuminate/View/View.php(208): Illuminate/View/Engines/CompilerEngine->get('C://Users//user//D...', Array)
#15 C:/Users/user/Documents/xamp/htdocs/safari/vendor/laravel/framework/src/Illuminate/View/View.php(191): Illuminate/View/View->getContents()
#16 C:/Users/user/Documents/xamp/htdocs/safari/vendor/laravel/framework/src/Illuminate/View/View.php(160): Illuminate/View/View->renderContents()
#17 C:/Users/user/AppData/Local/Temp/opencode/ws_render.php(17): Illuminate/View/View->render()
#18 {main}
"} 
[2026-08-05 23:17:01] production.ERROR: Attempt to read property "name" on null (View: C:\Users\user\Documents\xamp\htdocs\safari\resources\views\layouts\admin.blade.php) (View: C:\Users\user\Documents\xamp\htdocs\safari\resources\views\layouts\admin.blade.php) {"exception":"[object] (Illuminate\\View\\ViewException(code: 0): Attempt to read property \"name\" on null (View: C:\\Users\\user\\Documents\\xamp\\htdocs\\safari\\resources\\views\\layouts\\admin.blade.php) (View: C:\\Users\\user\\Documents\\xamp\\htdocs\\safari\\resources\\views\\layouts\\admin.blade.php) at C:/Users/user/Documents/xamp/htdocs/safari/storage/framework/views/e1c3649a0dfd159d42c8624c61c83efb.php:185)
[stacktrace]
#0 C:/Users/user/Documents/xamp/htdocs/safari/vendor/laravel/framework/src/Illuminate/View/Engines/PhpEngine.php(59): Illuminate/View/Engines/CompilerEngine->handleViewException(Object(Illuminate/View/ViewException), 0)
#1 C:/Users/user/Documents/xamp/htdocs/safari/vendor/laravel/framework/src/Illuminate/View/Engines/CompilerEngine.php(76): Illuminate/View/Engines/PhpEngine->evaluatePath('C://Users//user//D...', Array)
#2 C:/Users/user/Documents/xamp/htdocs/safari/vendor/laravel/framework/src/Illuminate/View/View.php(208): Illuminate/View/Engines/CompilerEngine->get('C://Users//user//D...', Array)
#3 C:/Users/user/Documents/xamp/htdocs/safari/vendor/laravel/framework/src/Illuminate/View/View.php(191): Illuminate/View/View->getContents()
#4 C:/Users/user/Documents/xamp/htdocs/safari/vendor/laravel/framework/src/Illuminate/View/View.php(160): Illuminate/View/View->renderContents()
#5 C:/Users/user/AppData/Local/Temp/opencode/ws_render.php(18): Illuminate/View/View->render()
#6 {main}

[previous exception] [object] (Illuminate\\View\\ViewException(code: 0): Attempt to read property \"name\" on null (View: C:\\Users\\user\\Documents\\xamp\\htdocs\\safari\\resources\\views\\layouts\\admin.blade.php) at C:/Users/user/Documents/xamp/htdocs/safari/storage/framework/views/e1c3649a0dfd159d42c8624c61c83efb.php:185)
[stacktrace]
#0 C:/Users/user/Documents/xamp/htdocs/safari/vendor/laravel/framework/src/Illuminate/View/Engines/PhpEngine.php(59): Illuminate/View/Engines/CompilerEngine->handleViewException(Object(ErrorException), 1)
#1 C:/Users/user/Documents/xamp/htdocs/safari/vendor/laravel/framework/src/Illuminate/View/Engines/CompilerEngine.php(76): Illuminate/View/Engines/PhpEngine->evaluatePath('C://Users//user//D...', Array)
#2 C:/Users/user/Documents/xamp/htdocs/safari/vendor/laravel/framework/src/Illuminate/View/View.php(208): Illuminate/View/Engines/CompilerEngine->get('C://Users//user//D...', Array)
#3 C:/Users/user/Documents/xamp/htdocs/safari/vendor/laravel/framework/src/Illuminate/View/View.php(191): Illuminate/View/View->getContents()
#4 C:/Users/user/Documents/xamp/htdocs/safari/vendor/laravel/framework/src/Illuminate/View/View.php(160): Illuminate/View/View->renderContents()
#5 C:/Users/user/Documents/xamp/htdocs/safari/storage/framework/views/9e2b605f3653bc4c0b3b124b77e3f4c7.php(135): Illuminate/View/View->render()
#6 C:/Users/user/Documents/xamp/htdocs/safari/vendor/laravel/framework/src/Illuminate/Filesystem/Filesystem.php(123): require('C://Users//user//D...')
#7 C:/Users/user/Documents/xamp/htdocs/safari/vendor/laravel/framework/src/Illuminate/Filesystem/Filesystem.php(124): Illuminate/Filesystem/Filesystem::Illuminate/Filesystem/{closure}()
#8 C:/Users/user/Documents/xamp/htdocs/safari/vendor/laravel/framework/src/Illuminate/View/Engines/PhpEngine.php(57): Illuminate/Filesystem/Filesystem->getRequire('C://Users//user//D...', Array)
#9 C:/Users/user/Documents/xamp/htdocs/safari/vendor/laravel/framework/src/Illuminate/View/Engines/CompilerEngine.php(76): Illuminate/View/Engines/PhpEngine->evaluatePath('C://Users//user//D...', Array)
#10 C:/Users/user/Documents/xamp/htdocs/safari/vendor/laravel/framework/src/Illuminate/View/View.php(208): Illuminate/View/Engines/CompilerEngine->get('C://Users//user//D...', Array)
#11 C:/Users/user/Documents/xamp/htdocs/safari/vendor/laravel/framework/src/Illuminate/View/View.php(191): Illuminate/View/View->getContents()
#12 C:/Users/user/Documents/xamp/htdocs/safari/vendor/laravel/framework/src/Illuminate/View/View.php(160): Illuminate/View/View->renderContents()
#13 C:/Users/user/AppData/Local/Temp/opencode/ws_render.php(18): Illuminate/View/View->render()
#14 {main}

[previous exception] [object] (ErrorException(code: 0): Attempt to read property \"name\" on null at C:/Users/user/Documents/xamp/htdocs/safari/storage/framework/views/e1c3649a0dfd159d42c8624c61c83efb.php:185)
[stacktrace]
#0 C:/Users/user/Documents/xamp/htdocs/safari/vendor/laravel/framework/src/Illuminate/Foundation/Bootstrap/HandleExceptions.php(262): Illuminate/Foundation/Bootstrap/HandleExceptions->handleError(2, 'Attempt to read...', 'C://Users//user//D...', 185)
#1 C:/Users/user/Documents/xamp/htdocs/safari/storage/framework/views/e1c3649a0dfd159d42c8624c61c83efb.php(185): Illuminate/Foundation/Bootstrap/HandleExceptions->Illuminate/Foundation/Bootstrap/{closure}(2, 'Attempt to read...', 'C://Users//user//D...', 185)
#2 C:/Users/user/Documents/xamp/htdocs/safari/vendor/laravel/framework/src/Illuminate/Filesystem/Filesystem.php(123): require('C://Users//user//D...')
#3 C:/Users/user/Documents/xamp/htdocs/safari/vendor/laravel/framework/src/Illuminate/Filesystem/Filesystem.php(124): Illuminate/Filesystem/Filesystem::Illuminate/Filesystem/{closure}()
#4 C:/Users/user/Documents/xamp/htdocs/safari/vendor/laravel/framework/src/Illuminate/View/Engines/PhpEngine.php(57): Illuminate/Filesystem/Filesystem->getRequire('C://Users//user//D...', Array)
#5 C:/Users/user/Documents/xamp/htdocs/safari/vendor/laravel/framework/src/Illuminate/View/Engines/CompilerEngine.php(76): Illuminate/View/Engines/PhpEngine->evaluatePath('C://Users//user//D...', Array)
#6 C:/Users/user/Documents/xamp/htdocs/safari/vendor/laravel/framework/src/Illuminate/View/View.php(208): Illuminate/View/Engines/CompilerEngine->get('C://Users//user//D...', Array)
#7 C:/Users/user/Documents/xamp/htdocs/safari/vendor/laravel/framework/src/Illuminate/View/View.php(191): Illuminate/View/View->getContents()
#8 C:/Users/user/Documents/xamp/htdocs/safari/vendor/laravel/framework/src/Illuminate/View/View.php(160): Illuminate/View/View->renderContents()
#9 C:/Users/user/Documents/xamp/htdocs/safari/storage/framework/views/9e2b605f3653bc4c0b3b124b77e3f4c7.php(135): Illuminate/View/View->render()
#10 C:/Users/user/Documents/xamp/htdocs/safari/vendor/laravel/framework/src/Illuminate/Filesystem/Filesystem.php(123): require('C://Users//user//D...')
#11 C:/Users/user/Documents/xamp/htdocs/safari/vendor/laravel/framework/src/Illuminate/Filesystem/Filesystem.php(124): Illuminate/Filesystem/Filesystem::Illuminate/Filesystem/{closure}()
#12 C:/Users/user/Documents/xamp/htdocs/safari/vendor/laravel/framework/src/Illuminate/View/Engines/PhpEngine.php(57): Illuminate/Filesystem/Filesystem->getRequire('C://Users//user//D...', Array)
#13 C:/Users/user/Documents/xamp/htdocs/safari/vendor/laravel/framework/src/Illuminate/View/Engines/CompilerEngine.php(76): Illuminate/View/Engines/PhpEngine->evaluatePath('C://Users//user//D...', Array)
#14 C:/Users/user/Documents/xamp/htdocs/safari/vendor/laravel/framework/src/Illuminate/View/View.php(208): Illuminate/View/Engines/CompilerEngine->get('C://Users//user//D...', Array)
#15 C:/Users/user/Documents/xamp/htdocs/safari/vendor/laravel/framework/src/Illuminate/View/View.php(191): Illuminate/View/View->getContents()
#16 C:/Users/user/Documents/xamp/htdocs/safari/vendor/laravel/framework/src/Illuminate/View/View.php(160): Illuminate/View/View->renderContents()
#17 C:/Users/user/AppData/Local/Temp/opencode/ws_render.php(18): Illuminate/View/View->render()
#18 {main}
"} 
